merchant_idx,amount,currency,hour_of_day,recent_event_count,recent_total_amount,historical_avg_amount,label
0,3.3,eur,0,0,0.0,,0
0,7.46,eur,1,0,0.0,3.3,0
0,13.57,eur,1,0,0.0,5.38,0
0,15.36,eur,2,0,0.0,8.11,0
0,10.51,eur,2,0,0.0,9.9225,0
0,8.53,eur,3,0,0.0,10.04,0
0,16.11,eur,3,0,0.0,9.788333333333332,0
0,7.33,eur,4,0,0.0,10.691428571428572,0
0,10.74,eur,4,0,0.0,10.271249999999998,0
0,7.13,eur,5,0,0.0,10.32333333333333,0
0,11.89,eur,5,0,0.0,10.003999999999998,0
0,5.74,eur,6,0,0.0,10.175454545454544,0
0,12.68,eur,6,0,0.0,9.80583333333333,0
0,11.47,eur,7,0,0.0,10.026923076923074,0
0,9.27,eur,8,0,0.0,10.129999999999997,0
0,9.77,eur,8,0,0.0,10.072666666666665,0
0,10.1,eur,8,1,9.77,10.05375,0
0,7.45,eur,9,0,0.0,10.056470588235294,0
0,7.62,eur,10,0,0.0,9.911666666666667,0
0,14.18,eur,10,0,0.0,9.791052631578948,0
0,9.48,eur,11,0,0.0,10.0105,0
0,13.0,eur,12,0,0.0,9.985238095238095,0
0,13.42,eur,12,0,0.0,10.122272727272728,0
0,4.96,eur,13,0,0.0,10.265652173913043,0
0,9.39,eur,13,0,0.0,10.044583333333334,0
0,9.46,eur,14,0,0.0,10.0184,0
0,10.98,eur,14,0,0.0,9.996923076923075,0
0,7.22,eur,14,0,0.0,10.033333333333333,0
0,6.91,eur,15,0,0.0,9.932857142857143,0
0,10.93,eur,15,0,0.0,9.828620689655173,0
1,6.16,ngn,0,0,0.0,,1
1,8.69,ngn,0,0,0.0,6.16,0
1,11.85,ngn,1,0,0.0,7.425,0
1,20.7,ngn,2,0,0.0,8.9,0
1,8.9,ngn,2,0,0.0,11.85,0
1,6.04,ngn,2,0,0.0,11.26,0
1,10.64,ngn,3,0,0.0,10.389999999999999,0
1,10.99,ngn,4,0,0.0,10.425714285714283,0
1,31.89,ngn,4,0,0.0,10.49625,0
1,15.66,ngn,5,0,0.0,12.873333333333333,1
1,21.73,ngn,5,0,0.0,13.152000000000001,0
1,7.9,ngn,5,0,0.0,13.931818181818182,0
1,11.78,ngn,6,0,0.0,13.429166666666667,0
1,12.81,ngn,7,0,0.0,13.302307692307693,0
1,16.75,ngn,7,0,0.0,13.267142857142858,0
1,61.45,ngn,8,0,0.0,13.499333333333334,0
1,4.93,ngn,8,0,0.0,16.49625,0
1,11.63,ngn,9,0,0.0,15.815882352941177,0
1,24.39,ngn,9,0,0.0,15.583333333333334,0
1,8.53,ngn,9,0,0.0,16.046842105263156,0
1,13.94,ngn,9,0,0.0,15.670999999999998,0
1,23.4,ngn,10,0,0.0,15.588571428571427,0
1,8.84,ngn,10,0,0.0,15.94363636363636,0
1,9.49,ngn,11,0,0.0,15.634782608695648,0
1,22.81,ngn,11,0,0.0,15.378750000000002,0
1,14.03,ngn,12,0,0.0,15.676000000000002,0
1,11.4,ngn,12,0,0.0,15.612692307692308,0
1,15.61,ngn,13,0,0.0,15.456666666666665,0
1,13.49,ngn,14,0,0.0,15.462142857142856,0
1,15.98,ngn,14,0,0.0,15.394137931034482,0
2,15.34,xof,0,0,0.0,,0
2,67.01,xof,0,0,0.0,15.34,0
2,58.78,xof,0,0,0.0,41.175000000000004,0
2,18.1,xof,0,0,0.0,47.04333333333333,0
2,28.23,xof,1,0,0.0,39.8075,0
2,57.21,xof,1,0,0.0,37.492,0
2,10.15,xof,2,0,0.0,40.77833333333333,0
2,15.39,xof,3,0,0.0,36.402857142857144,0
2,44.74,xof,3,0,0.0,33.776250000000005,0
2,22.22,xof,4,0,0.0,34.99444444444445,0
2,37.04,xof,4,0,0.0,33.717000000000006,0
2,19.99,xof,4,0,0.0,34.01909090909092,1
2,30.92,xof,5,0,0.0,32.85000000000001,0
2,31.73,xof,5,0,0.0,32.70153846153847,0
2,18.47,xof,6,0,0.0,32.63214285714287,0
2,21.07,xof,6,0,0.0,31.68800000000001,1
2,19.66,xof,6,0,0.0,31.024375000000003,0
2,26.09,xof,7,0,0.0,30.35588235294118,0
2,85.5,xof,7,0,0.0,30.118888888888893,0
2,49.65,xof,8,0,0.0,33.033684210526324,0
2,13.59,xof,9,0,0.0,33.86450000000001,0
2,16.36,xof,9,0,0.0,32.89904761904762,0
2,15.76,xof,9,0,0.0,32.147272727272735,0
2,67.18,xof,9,0,0.0,31.434782608695656,0
2,41.75,xof,9,0,0.0,32.92416666666667,0
2,26.47,xof,10,0,0.0,33.2772,0
2,24.77,xof,10,0,0.0,33.01538461538462,0
2,35.83,xof,10,0,0.0,32.71,0
2,33.75,xof,10,0,0.0,32.82142857142858,0
2,19.73,xof,11,0,0.0,32.85344827586207,1
3,419.03,xof,0,0,0.0,,0
3,109.41,xof,0,0,0.0,419.03,0
3,242.58,xof,0,0,0.0,264.21999999999997,1
3,239.48,xof,1,0,0.0,257.00666666666666,0
3,217.7,xof,2,0,0.0,252.625,0
3,181.19,xof,2,0,0.0,245.64000000000001,0
3,398.22,xof,3,0,0.0,234.89833333333334,0
3,208.41,xof,3,0,0.0,258.23,0
3,79.27,xof,3,0,0.0,252.0025,0
3,88.62,xof,4,0,0.0,232.81,0
3,185.05,xof,4,0,0.0,218.391,0
3,365.51,xof,4,0,0.0,215.36,0
3,343.77,xof,5,0,0.0,227.87250000000003,0
3,237.64,xof,6,0,0.0,236.78769230769234,0
3,197.26,xof,6,0,0.0,236.84857142857143,0
3,105.86,xof,7,0,0.0,234.20933333333335,0
3,197.64,xof,8,0,0.0,226.1875,0
3,474.18,xof,8,0,0.0,224.50823529411764,0
3,184.53,xof,9,0,0.0,238.37888888888887,0
3,406.21,xof,10,0,0.0,235.54473684210524,0
3,114.94,xof,10,0,0.0,244.07799999999997,0
3,136.41,xof,11,0,0.0,237.9285714285714,0
3,339.99,xof,11,0,0.0,233.31409090909085,0
3,222.17,xof,12,0,0.0,237.95217391304342,0
3,428.11,xof,12,0,0.0,237.29458333333332,0
3,256.4,xof,13,0,0.0,244.92719999999997,0
3,229.39,xof,13,0,0.0,245.3684615384615,0
3,286.62,xof,14,0,0.0,244.77666666666664,0
3,214.53,xof,15,0,0.0,246.2710714285714,0
3,177.24,xof,15,0,0.0,245.1765517241379,0
4,93.75,eur,0,0,0.0,,0
4,49.45,eur,1,0,0.0,93.75,0
4,86.86,eur,1,0,0.0,71.6,0
4,58.96,eur,2,0,0.0,76.68666666666667,0
4,16.41,eur,3,0,0.0,72.255,0
4,47.17,eur,3,0,0.0,61.086,0
4,23.9,eur,4,0,0.0,58.76666666666667,0
4,55.68,eur,5,0,0.0,53.785714285714285,0
4,22.05,eur,6,0,0.0,54.022499999999994,0
4,35.3,eur,6,0,0.0,50.47,0
4,47.89,eur,7,0,0.0,48.952999999999996,0
4,58.26,eur,7,0,0.0,48.85636363636363,0
4,49.32,eur,8,0,0.0,49.63999999999999,0
4,58.0,eur,8,0,0.0,49.61538461538461,0
4,67.67,eur,9,1,58.0,50.214285714285715,0
4,21.3,eur,9,0,0.0,51.378,0
4,65.01,eur,9,0,0.0,49.498125,0
4,77.05,eur,10,0,0.0,50.41058823529412,0
4,30.42,eur,10,0,0.0,51.89055555555555,0
4,87.94,eur,11,0,0.0,50.76052631578947,0
4,33.2,eur,12,0,0.0,52.619499999999995,0
4,37.37,eur,12,0,0.0,51.694761904761904,0
4,22.39,eur,13,0,0.0,51.04363636363635,0
4,56.67,eur,13,0,0.0,49.79782608695652,0
4,71.09,eur,14,0,0.0,50.08416666666667,0
4,26.18,eur,14,0,0.0,50.9244,0
4,40.66,eur,15,0,0.0,49.972692307692306,0
4,86.5,eur,15,0,0.0,49.62777777777778,0
4,76.21,eur,16,0,0.0,50.94464285714286,0
4,54.14,eur,17,0,0.0,51.81586206896552,0
5,99.04,eur,0,0,0.0,,0
5,62.68,eur,0,0,0.0,99.04,0
5,111.92,eur,1,0,0.0,80.86,0
5,33.93,eur,1,0,0.0,91.21333333333332,0
5,82.62,eur,1,0,0.0,76.8925,0
5,59.13,eur,1,0,0.0,78.038,0
5,82.98,eur,2,0,0.0,74.88666666666667,0
5,80.74,eur,2,0,0.0,76.04285714285713,0
5,95.96,eur,3,0,0.0,76.63,0
5,195.86,eur,3,0,0.0,78.77777777777777,0
5,92.98,eur,4,0,0.0,90.486,0
5,118.62,eur,5,0,0.0,90.71272727272728,0
5,129.94,eur,5,0,0.0,93.03833333333334,0
5,114.9,eur,6,0,0.0,95.87692307692308,0
5,81.98,eur,6,0,0.0,97.2357142857143,0
5,80.88,eur,7,0,0.0,96.21866666666668,0
5,189.19,eur,8,0,0.0,95.26,0
5,45.13,eur,9,0,0.0,100.78529411764707,0
5,320.86,eur,10,0,0.0,97.69333333333334,0
5,120.71,eur,10,0,0.0,109.43894736842105,0
5,100.54,eur,10,0,0.0,110.00250000000001,1
5,113.65,eur,11,0,0.0,109.55190476190477,0
5,149.86,eur,11,0,0.0,109.73818181818183,0
5,61.37,eur,11,0,0.0,111.48260869565219,0
5,193.01,eur,11,0,0.0,109.39458333333334,0
5,102.16,eur,12,0,0.0,112.73920000000003,0
5,79.83,eur,12,0,0.0,112.33230769230771,0
5,119.94,eur,13,0,0.0,111.12851851851853,0
5,73.07,eur,13,0,0.0,111.44321428571429,0
5,64.56,eur,14,0,0.0,110.12000000000002,0
6,22.61,eur,0,0,0.0,,0
6,34.87,eur,1,0,0.0,22.61,0
6,32.34,eur,1,0,0.0,28.74,0
6,23.44,eur,2,0,0.0,29.939999999999998,0
6,14.61,eur,3,0,0.0,28.314999999999998,0
6,18.94,eur,3,0,0.0,25.573999999999998,0
6,28.94,eur,4,0,0.0,24.468333333333334,0
6,38.41,eur,4,0,0.0,25.107142857142858,0
6,17.67,eur,4,0,0.0,26.769999999999996,0
6,11.87,eur,4,0,0.0,25.758888888888887,1
6,15.62,eur,5,0,0.0,24.369999999999997,0
6,47.76,eur,6,0,0.0,23.574545454545454,0
6,29.37,eur,6,0,0.0,25.59,0
6,21.14,eur,7,0,0.0,25.88076923076923,0
6,66.47,eur,7,0,0.0,25.542142857142856,0
6,27.55,eur,8,0,0.0,28.270666666666664,0
6,27.73,eur,9,0,0.0,28.225625,0
6,19.81,eur,10,0,0.0,28.196470588235297,0
6,19.81,eur,10,0,0.0,27.730555555555558,0
6,27.63,eur,11,0,0.0,27.31368421052632,0
6,18.35,eur,11,0,0.0,27.329500000000003,0
6,17.81,eur,12,0,0.0,26.901904761904763,0
6,30.64,eur,13,0,0.0,26.488636363636363,0
6,14.6,eur,13,0,0.0,26.66913043478261,0
6,30.61,eur,13,0,0.0,26.16625,0
6,34.99,eur,14,0,0.0,26.344,0
6,50.59,eur,14,0,0.0,26.676538461538463,0
6,28.01,eur,14,1,50.59,27.562222222222225,0
6,18.75,eur,14,0,0.0,27.57821428571429,0
6,14.55,eur,15,0,0.0,27.273793103448277,0
7,58.62,gbp,0,0,0.0,,0
7,140.4,gbp,0,0,0.0,58.62,0
7,200.68,gbp,0,0,0.0,99.51,0
7,430.87,gbp,1,0,0.0,133.23333333333335,0
7,143.81,gbp,1,0,0.0,207.6425,0
7,81.78,gbp,2,0,0.0,194.87600000000003,0
7,127.01,gbp,3,0,0.0,176.02666666666667,0
7,355.46,gbp,3,0,0.0,169.02428571428572,0
7,181.12,gbp,3,0,0.0,192.32874999999999,0
7,283.08,gbp,4,0,0.0,191.08333333333334,0
7,153.04,gbp,5,0,0.0,200.283,0
7,148.22,gbp,5,0,0.0,195.9881818181818,0
7,196.47,gbp,5,0,0.0,192.00749999999996,0
7,228.58,gbp,6,0,0.0,192.3507692307692,0
7,79.92,gbp,6,0,0.0,194.93857142857138,0
7,508.14,gbp,7,0,0.0,187.27066666666664,0
7,142.02,gbp,7,0,0.0,207.32500000000002,0
7,288.68,gbp,8,0,0.0,203.48352941176472,0
7,120.19,gbp,9,0,0.0,208.21666666666667,0
7,229.26,gbp,9,0,0.0,203.58368421052631,0
7,124.85,gbp,10,0,0.0,204.8675,0
7,248.51,gbp,10,0,0.0,201.05714285714288,0
7,104.4,gbp,10,0,0.0,203.21409090909094,0
7,97.7,gbp,10,0,0.0,198.91782608695655,0
7,136.58,gbp,10,0,0.0,194.70041666666668,0
7,260.88,gbp,11,0,0.0,192.37560000000002,0
7,204.13,gbp,11,0,0.0,195.01038461538462,0
7,153.34,gbp,11,0,0.0,195.34814814814817,0
7,153.46,gbp,12,0,0.0,193.84785714285718,0
7,70.65,gbp,13,0,0.0,192.45517241379312,0
8,2.83,eur,0,0,0.0,,0
8,18.41,eur,1,0,0.0,2.83,0
8,5.01,eur,1,0,0.0,10.620000000000001,0
8,9.13,eur,2,0,0.0,8.75,0
8,10.19,eur,2,0,0.0,8.845,1
8,13.27,eur,2,0,0.0,9.114,0
8,14.63,eur,3,0,0.0,9.806666666666667,0
8,3.5,eur,4,0,0.0,10.495714285714286,1
8,21.78,eur,5,0,0.0,9.62125,0
8,5.67,eur,5,0,0.0,10.972222222222221,0
8,5.34,eur,6,0,0.0,10.442,0
8,15.65,eur,7,0,0.0,9.978181818181818,0
8,12.21,eur,8,0,0.0,10.450833333333334,0
8,12.18,eur,8,0,0.0,10.586153846153847,0
8,10.51,eur,8,0,0.0,10.700000000000001,0
8,6.71,eur,8,0,0.0,10.687333333333333,0
8,21.05,eur,9,0,0.0,10.438749999999999,0
8,17.42,eur,10,0,0.0,11.062941176470588,0
8,5.13,eur,10,0,0.0,11.416111111111112,0
8,4.62,eur,10,0,0.0,11.085263157894737,1
8,21.78,eur,10,0,0.0,10.762,0
8,10.04,eur,10,0,0.0,11.286666666666667,0
8,5.16,eur,11,0,0.0,11.23,0
8,4.74,eur,11,0,0.0,10.966086956521739,0
8,3.63,eur,12,0,0.0,10.706666666666665,0
8,15.06,eur,12,0,0.0,10.423599999999999,0
8,5.81,eur,12,0,0.0,10.601923076923075,0
8,10.72,eur,13,0,0.0,10.424444444444443,0
8,8.3,eur,13,0,0.0,10.435,0
8,9.88,eur,14,0,0.0,10.361379310344828,1
9,17.96,usd,0,0,0.0,,0
9,27.78,usd,0,0,0.0,17.96,0
9,19.33,usd,1,0,0.0,22.87,0
9,28.83,usd,2,0,0.0,21.689999999999998,0
9,9.69,usd,3,0,0.0,23.474999999999998,0
9,23.18,usd,3,0,0.0,20.717999999999996,0
9,29.97,usd,4,0,0.0,21.12833333333333,0
9,20.34,usd,4,0,0.0,22.39142857142857,0
9,20.89,usd,5,0,0.0,22.135,0
9,20.79,usd,5,0,0.0,21.99666666666667,0
9,59.1,usd,6,0,0.0,21.876,0
9,29.52,usd,6,0,0.0,25.26,0
9,17.26,usd,7,0,0.0,25.615,0
9,19.25,usd,8,0,0.0,24.97230769230769,0
9,28.26,usd,8,0,0.0,24.56357142857143,0
9,30.41,usd,8,0,0.0,24.81,0
9,15.05,usd,9,0,0.0,25.16,0
9,25.64,usd,10,0,0.0,24.56529411764706,0
9,12.57,usd,10,0,0.0,24.625,0
9,24.02,usd,11,0,0.0,23.990526315789474,0
9,35.32,usd,11,0,0.0,23.991999999999997,0
9,9.24,usd,12,0,0.0,24.53142857142857,0
9,23.35,usd,12,0,0.0,23.836363636363636,0
9,39.49,usd,13,0,0.0,23.815217391304348,0
9,14.23,usd,14,0,0.0,24.468333333333334,0
9,19.82,usd,14,0,0.0,24.0588,0
9,16.21,usd,15,0,0.0,23.895769230769233,0
9,25.07,usd,15,0,0.0,23.611111111111114,0
9,17.54,usd,16,0,0.0,23.663214285714293,0
9,11.41,usd,16,0,0.0,23.452068965517245,0
10,50.01,usd,0,0,0.0,,0
10,18.49,usd,1,0,0.0,50.01,0
10,21.77,usd,1,0,0.0,34.25,0
10,29.25,usd,1,0,0.0,30.09,0
10,11.03,usd,2,0,0.0,29.88,0
10,6.97,usd,2,0,0.0,26.109999999999996,0
10,18.95,usd,3,0,0.0,22.919999999999998,0
10,45.75,usd,4,0,0.0,22.35285714285714,0
10,15.89,usd,4,0,0.0,25.2775,0
10,22.34,usd,4,0,0.0,24.234444444444446,0
10,20.84,usd,5,0,0.0,24.045,0
10,17.08,usd,5,0,0.0,23.753636363636364,0
10,19.84,usd,6,0,0.0,23.1975,0
10,32.53,usd,6,0,0.0,22.939230769230768,0
10,21.11,usd,7,0,0.0,23.624285714285715,0
10,2.88,usd,8,0,0.0,23.456666666666667,0
10,22.66,usd,8,0,0.0,22.170625,0
10,35.42,usd,8,0,0.0,22.199411764705886,0
10,17.83,usd,8,0,0.0,22.93388888888889,0
10,19.06,usd,9,0,0.0,22.66526315789474,0
10,17.54,usd,9,0,0.0,22.485000000000003,0
10,12.32,usd,10,0,0.0,22.24952380952381,0
10,15.5,usd,10,0,0.0,21.79818181818182,0
10,24.3,usd,10,0,0.0,21.52434782608696,0
10,31.01,usd,11,0,0.0,21.64,0
10,22.29,usd,11,0,0.0,22.0148,0
10,20.02,usd,12,0,0.0,22.025384615384613,0
10,24.48,usd,13,0,0.0,21.95111111111111,0
10,15.34,usd,13,0,0.0,22.041428571428572,0
10,37.4,usd,14,0,0.0,21.810344827586206,0
11,26.99,usd,0,0,0.0,,0
11,27.77,usd,1,0,0.0,26.99,0
11,14.95,usd,1,0,0.0,27.38,0
11,21.81,usd,1,0,0.0,23.236666666666665,0
11,26.85,usd,2,0,0.0,22.88,1
11,37.84,usd,2,0,0.0,23.674,0
11,10.91,usd,3,0,0.0,26.035,0
11,16.04,usd,3,0,0.0,23.874285714285715,0
11,21.81,usd,4,0,0.0,22.895,0
11,25.04,usd,4,0,0.0,22.774444444444445,0
11,6.18,usd,5,0,0.0,23.000999999999998,0
11,31.03,usd,6,0,0.0,21.471818181818183,0
11,14.33,usd,6,0,0.0,22.268333333333334,0
11,18.38,usd,6,0,0.0,21.657692307692308,0
11,27.52,usd,7,0,0.0,21.423571428571428,0
11,29.94,usd,7,0,0.0,21.83,0
11,12.57,usd,8,0,0.0,22.336875,0
11,24.13,usd,9,0,0.0,21.76235294117647,0
11,9.89,usd,10,0,0.0,21.89388888888889,0
11,62.48,usd,10,0,0.0,21.262105263157892,0
11,19.83,usd,11,0,0.0,23.323,0
11,22.98,usd,11,0,0.0,23.156666666666666,0
11,14.64,usd,11,0,0.0,23.148636363636363,0
11,17.85,usd,11,0,0.0,22.778695652173912,0
11,37.89,usd,12,0,0.0,22.573333333333334,0
11,10.54,usd,13,0,0.0,23.186,0
11,11.66,usd,14,0,0.0,22.69961538461538,0
11,74.95,usd,14,0,0.0,22.290740740740738,0
11,20.78,usd,15,0,0.0,24.17142857142857,0
11,18.98,usd,16,0,0.0,24.054482758620686,0
12,5.72,gbp,0,0,0.0,,0
12,9.77,gbp,0,0,0.0,5.72,0
12,12.12,gbp,1,0,0.0,7.744999999999999,0
12,10.68,gbp,2,0,0.0,9.203333333333333,0
12,8.92,gbp,2,0,0.0,9.5725,0
12,3.79,gbp,3,0,0.0,9.442,0
12,4.41,gbp,4,0,0.0,8.5,0
12,13.81,gbp,4,0,0.0,7.9157142857142855,0
12,5.82,gbp,5,0,0.0,8.6525,0
12,11.57,gbp,6,0,0.0,8.337777777777777,0
12,4.0,gbp,6,0,0.0,8.660999999999998,0
12,4.51,gbp,6,1,4.0,8.237272727272726,0
12,5.73,gbp,6,0,0.0,7.926666666666666,0
12,5.81,gbp,6,0,0.0,7.757692307692308,0
12,5.75,gbp,7,0,0.0,7.618571428571428,0
12,6.04,gbp,7,0,0.0,7.494,0
12,6.69,gbp,8,0,0.0,7.403125,0
12,15.5,gbp,8,0,0.0,7.361176470588235,0
12,5.0,gbp,9,0,0.0,7.813333333333333,0
12,8.31,gbp,9,0,0.0,7.665263157894736,0
12,10.99,gbp,9,0,0.0,7.6975,0
12,7.52,gbp,10,0,0.0,7.854285714285714,0
12,6.94,gbp,10,0,0.0,7.83909090909091,0
12,1.93,gbp,11,0,0.0,7.8,0
12,5.47,gbp,11,0,0.0,7.555416666666666,0
12,4.01,gbp,12,0,0.0,7.4719999999999995,0
12,16.16,gbp,13,0,0.0,7.338846153846153,0
12,3.69,gbp,13,0,0.0,7.665555555555555,0
12,3.99,gbp,13,0,0.0,7.523571428571428,0
12,4.48,gbp,14,0,0.0,7.4017241379310335,0
13,43.01,xof,0,0,0.0,,0
13,27.9,xof,0,0,0.0,43.01,0
13,33.67,xof,1,0,0.0,35.455,0
13,60.33,xof,2,0,0.0,34.86,0
13,40.81,xof,3,0,0.0,41.2275,0
13,15.18,xof,3,0,0.0,41.144,0
13,16.52,xof,3,0,0.0,36.81666666666667,0
13,34.61,xof,4,0,0.0,33.917142857142856,0
13,20.02,xof,5,0,0.0,34.00375,0
13,87.78,xof,5,0,0.0,32.449999999999996,0
13,21.96,xof,5,0,0.0,37.98299999999999,0
13,7.45,xof,6,0,0.0,36.52636363636363,0
13,9.11,xof,6,0,0.0,34.103333333333325,0
13,27.43,xof,7,0,0.0,32.18076923076922,0
13,41.48,xof,8,0,0.0,31.841428571428565,1
13,40.38,xof,8,0,0.0,32.483999999999995,0
13,37.23,xof,9,0,0.0,32.9775,0
13,15.52,xof,10,0,0.0,33.22764705882353,0
13,29.29,xof,11,0,0.0,32.24388888888889,0
13,28.43,xof,11,0,0.0,32.088421052631574,0
13,60.94,xof,12,0,0.0,31.905499999999996,0
13,65.09,xof,12,0,0.0,33.28809523809524,0
13,29.02,xof,13,0,0.0,34.733636363636364,0
13,25.74,xof,14,0,0.0,34.485217391304346,0
13,59.88,xof,14,0,0.0,34.12083333333334,0
13,19.52,xof,15,0,0.0,35.1512,0
13,27.51,xof,15,0,0.0,34.550000000000004,0
13,46.23,xof,15,0,0.0,34.28925925925926,0
13,22.43,xof,15,0,0.0,34.71571428571429,0
13,18.47,xof,16,0,0.0,34.292068965517245,0
14,26.77,ngn,0,0,0.0,,0
14,32.67,ngn,1,0,0.0,26.77,1
14,38.73,ngn,2,0,0.0,29.72,1
14,10.91,ngn,2,0,0.0,32.72333333333333,0
14,33.28,ngn,3,0,0.0,27.269999999999996,0
14,31.92,ngn,3,0,0.0,28.471999999999998,0
14,35.15,ngn,4,0,0.0,29.046666666666663,0
14,11.14,ngn,5,0,0.0,29.918571428571425,0
14,14.69,ngn,6,0,0.0,27.57125,0
14,19.93,ngn,6,0,0.0,26.14,0
14,9.04,ngn,6,0,0.0,25.519,0
14,28.48,ngn,7,0,0.0,24.020909090909093,0
14,59.82,ngn,7,0,0.0,24.392500000000002,0
14,17.9,ngn,8,0,0.0,27.11769230769231,0
14,39.52,ngn,9,0,0.0,26.459285714285716,0
14,29.18,ngn,9,0,0.0,27.33,0
14,58.56,ngn,10,0,0.0,27.445625,0
14,31.94,ngn,11,0,0.0,29.275882352941178,0
14,52.38,ngn,11,0,0.0,29.42388888888889,0
14,30.35,ngn,11,0,0.0,30.632105263157893,0
14,18.87,ngn,11,0,0.0,30.618000000000002,0
14,39.68,ngn,12,0,0.0,30.05857142857143,0
14,44.87,ngn,12,0,0.0,30.49590909090909,0
14,21.67,ngn,12,0,0.0,31.12086956521739,0
14,24.82,ngn,12,0,0.0,30.727083333333336,0
14,38.03,ngn,13,0,0.0,30.490800000000004,0
14,30.58,ngn,14,0,0.0,30.780769230769234,1
14,16.93,ngn,15,0,0.0,30.773333333333337,0
14,84.04,ngn,15,0,0.0,30.278928571428573,0
14,25.06,ngn,15,0,0.0,32.13275862068966,0
15,6.24,usd,0,0,0.0,,0
15,17.93,usd,0,0,0.0,6.24,0
15,27.68,usd,0,0,0.0,12.085,0
15,22.47,usd,1,0,0.0,17.283333333333335,0
15,14.67,usd,2,0,0.0,18.58,0
15,16.22,usd,2,0,0.0,17.798,0
15,27.41,usd,3,0,0.0,17.535,0
15,13.67,usd,4,0,0.0,18.945714285714285,0
15,27.72,usd,4,0,0.0,18.28625,0
15,9.39,usd,5,0,0.0,19.334444444444443,0
15,11.32,usd,5,0,0.0,18.339999999999996,0
15,37.67,usd,6,0,0.0,17.70181818181818,0
15,19.8,usd,6,0,0.0,19.36583333333333,0
15,12.63,usd,6,0,0.0,19.39923076923077,0
15,11.11,usd,6,0,0.0,18.915714285714284,0
15,20.57,usd,7,0,0.0,18.395333333333333,0
15,12.04,usd,8,0,0.0,18.53125,0
15,27.89,usd,8,0,0.0,18.149411764705885,0
15,45.26,usd,9,0,0.0,18.690555555555555,0
15,15.06,usd,9,0,0.0,20.088947368421053,0
15,18.05,usd,10,0,0.0,19.8375,0
15,9.41,usd,11,0,0.0,19.752380952380953,0
15,20.6,usd,11,0,0.0,19.28227272727273,0
15,9.33,usd,12,0,0.0,19.339565217391307,0
15,16.71,usd,12,0,0.0,18.9225,0
15,3.39,usd,13,0,0.0,18.834,0
15,10.65,usd,13,0,0.0,18.24,0
15,30.48,usd,14,0,0.0,17.958888888888886,0
15,47.5,usd,14,0,0.0,18.406071428571426,0
15,11.04,usd,15,0,0.0,19.40931034482758,0
16,17.44,xof,0,0,0.0,,0
16,45.08,xof,1,0,0.0,17.44,0
16,12.85,xof,1,0,0.0,31.259999999999998,0
16,30.27,xof,2,0,0.0,25.12333333333333,0
16,9.35,xof,2,0,0.0,26.409999999999997,0
16,19.5,xof,3,0,0.0,22.997999999999998,0
16,5.96,xof,4,0,0.0,22.414999999999996,0
16,52.66,xof,4,0,0.0,20.064285714285713,0
16,43.33,xof,4,0,0.0,24.138749999999998,0
16,19.55,xof,5,0,0.0,26.27111111111111,0
16,12.32,xof,5,0,0.0,25.599,0
16,21.76,xof,6,0,0.0,24.39181818181818,0
16,18.26,xof,6,0,0.0,24.1725,0
16,15.47,xof,7,0,0.0,23.717692307692307,0
16,10.39,xof,8,0,0.0,23.12857142857143,0
16,13.91,xof,8,0,0.0,22.279333333333334,0
16,21.78,xof,9,0,0.0,21.75625,0
16,6.44,xof,9,0,0.0,21.75764705882353,0
16,19.73,xof,9,0,0.0,20.906666666666666,0
16,28.89,xof,10,0,0.0,20.844736842105263,0
16,20.51,xof,10,0,0.0,21.247,0
16,15.77,xof,10,0,0.0,21.211904761904762,0
16,4.67,xof,11,0,0.0,20.964545454545455,0
16,14.93,xof,12,0,0.0,20.256086956521738,0
16,16.96,xof,12,0,0.0,20.034166666666668,0
16,24.37,xof,13,0,0.0,19.911199999999997,0
16,10.31,xof,14,0,0.0,20.082692307692305,0
16,26.85,xof,14,0,0.0,19.720740740740737,0
16,39.41,xof,15,0,0.0,19.975357142857142,0
16,20.79,xof,15,0,0.0,20.645517241379306,0
17,11.12,xof,0,0,0.0,,0
17,7.59,xof,0,0,0.0,11.12,1
17,13.85,xof,1,0,0.0,9.355,0
17,11.55,xof,2,0,0.0,10.853333333333333,0
17,15.45,xof,2,0,0.0,11.0275,0
17,11.05,xof,3,0,0.0,11.912,0
17,12.1,xof,3,0,0.0,11.768333333333333,0
17,23.94,xof,3,0,0.0,11.815714285714284,0
17,14.89,xof,3,0,0.0,13.33125,0
17,8.04,xof,4,0,0.0,13.504444444444445,0
17,27.8,xof,4,1,8.04,12.958000000000002,0
17,30.13,xof,4,0,0.0,14.30727272727273,0
17,11.69,xof,5,0,0.0,15.625833333333334,0
17,5.15,xof,5,0,0.0,15.323076923076924,0
17,13.24,xof,6,0,0.0,14.596428571428573,0
17,15.24,xof,6,0,0.0,14.506000000000002,0
17,20.84,xof,7,0,0.0,14.551874999999999,0
17,36.58,xof,8,0,0.0,14.921764705882353,0
17,29.28,xof,9,0,0.0,16.125,0
17,14.22,xof,9,0,0.0,16.81736842105263,0
17,18.33,xof,10,0,0.0,16.6875,0
17,19.2,xof,10,0,0.0,16.765714285714285,0
17,17.29,xof,11,0,0.0,16.876363636363635,0
17,71.36,xof,11,0,0.0,16.894347826086957,0
17,11.37,xof,12,0,0.0,19.163749999999997,0
17,24.33,xof,12,0,0.0,18.851999999999997,0
17,29.27,xof,13,0,0.0,19.062692307692306,0
17,20.05,xof,13,0,0.0,19.44074074074074,0
17,10.97,xof,14,0,0.0,19.4625,0
17,19.15,xof,14,0,0.0,19.16965517241379,0
18,20.98,usd,0,0,0.0,,0
18,34.77,usd,1,0,0.0,20.98,0
18,44.96,usd,1,0,0.0,27.875,0
18,40.03,usd,2,0,0.0,33.57,0
18,82.72,usd,3,0,0.0,35.185,0
18,38.89,usd,3,0,0.0,44.692,0
18,18.16,usd,4,0,0.0,43.725,0
18,144.39,usd,5,0,0.0,40.07285714285715,0
18,107.58,usd,6,0,0.0,53.1125,0
18,48.96,usd,6,0,0.0,59.16444444444445,0
18,30.87,usd,6,0,0.0,58.144000000000005,0
18,46.83,usd,7,0,0.0,55.66454545454546,0
18,19.52,usd,8,0,0.0,54.92833333333334,0
18,30.45,usd,8,0,0.0,52.204615384615394,0
18,26.22,usd,9,0,0.0,50.650714285714294,0
18,31.79,usd,9,0,0.0,49.02200000000001,0
18,49.55,usd,10,0,0.0,47.945,0
18,33.5,usd,11,0,0.0,48.03941176470588,0
18,21.93,usd,11,0,0.0,47.23166666666666,0
18,23.44,usd,12,0,0.0,45.9,0
18,143.5,usd,13,0,0.0,44.777,0
18,24.91,usd,13,0,0.0,49.478095238095236,0
18,13.69,usd,14,0,0.0,48.36136363636364,0
18,34.89,usd,14,0,0.0,46.853913043478265,0
18,40.33,usd,14,0,0.0,46.35541666666666,0
18,60.31,usd,15,0,0.0,46.114399999999996,0
18,46.64,usd,16,0,0.0,46.66038461538461,0
18,59.28,usd,16,0,0.0,46.65962962962963,0
18,21.76,usd,16,0,0.0,47.11035714285714,0
18,76.92,usd,17,0,0.0,46.23620689655172,0
19,13.4,ngn,0,0,0.0,,0
19,11.82,ngn,1,0,0.0,13.4,0
19,20.78,ngn,1,0,0.0,12.61,0
19,8.73,ngn,2,0,0.0,15.333333333333334,0
19,27.53,ngn,2,0,0.0,13.682500000000001,0
19,18.4,ngn,2,0,0.0,16.452,0
19,15.39,ngn,2,0,0.0,16.776666666666667,0
19,8.93,ngn,2,0,0.0,16.57857142857143,0
19,9.91,ngn,3,0,0.0,15.6225,0
19,30.92,ngn,3,0,0.0,14.98777777777778,0
19,13.62,ngn,4,0,0.0,16.581,0
19,9.6,ngn,5,0,0.0,16.311818181818182,0
19,12.24,ngn,5,0,0.0,15.7525,0
19,8.31,ngn,5,0,0.0,15.482307692307693,0
19,11.26,ngn,5,0,0.0,14.97,0
19,6.88,ngn,6,0,0.0,14.722666666666667,0
19,15.26,ngn,7,0,0.0,14.2325,0
19,7.51,ngn,7,0,0.0,14.292941176470588,0
19,13.79,ngn,7,0,0.0,13.91611111111111,0
19,18.55,ngn,8,0,0.0,13.909473684210525,0
19,5.93,ngn,9,0,0.0,14.141499999999999,0
19,5.74,ngn,10,0,0.0,13.75047619047619,1
19,11.32,ngn,10,0,0.0,13.386363636363637,0
19,11.17,ngn,10,0,0.0,13.296521739130435,0
19,10.54,ngn,11,0,0.0,13.207916666666668,0
19,11.3,ngn,11,0,0.0,13.1012,0
19,5.03,ngn,12,0,0.0,13.031923076923078,0
19,13.42,ngn,13,0,0.0,12.735555555555557,0
19,4.9,ngn,14,0,0.0,12.760000000000002,0
19,14.32,ngn,14,0,0.0,12.488965517241379,0
20,14.77,usd,0,0,0.0,,0
20,58.46,usd,0,0,0.0,14.77,0
20,65.13,usd,1,0,0.0,36.615,0
20,37.82,usd,2,0,0.0,46.120000000000005,0
20,24.23,usd,2,0,0.0,44.045,0
20,44.26,usd,2,0,0.0,40.082,0
20,88.7,usd,3,0,0.0,40.77833333333333,0
20,42.59,usd,3,0,0.0,47.62428571428571,0
20,22.0,usd,4,0,0.0,46.995000000000005,0
20,24.21,usd,5,0,0.0,44.21777777777778,0
20,30.73,usd,5,0,0.0,42.217,0
20,59.27,usd,5,0,0.0,41.17272727272728,0
20,38.93,usd,6,0,0.0,42.68083333333334,0
20,21.07,usd,6,0,0.0,42.392307692307696,0
20,85.83,usd,7,0,0.0,40.869285714285716,0
20,45.82,usd,8,0,0.0,43.866666666666674,0
20,35.19,usd,8,0,0.0,43.988749999999996,0
20,31.98,usd,9,0,0.0,43.47117647058823,0
20,24.88,usd,9,0,0.0,42.83277777777778,0
20,104.64,usd,10,0,0.0,41.88789473684211,0
20,60.86,usd,10,0,0.0,45.0255,0
20,44.56,usd,11,0,0.0,45.77952380952381,0
20,24.89,usd,11,0,0.0,45.72409090909091,0
20,55.56,usd,12,0,0.0,44.81826086956522,0
20,23.99,usd,12,0,0.0,45.26583333333334,0
20,31.67,usd,12,0,0.0,44.41480000000001,0
20,33.82,usd,13,0,0.0,43.92461538461539,0
20,72.37,usd,14,0,0.0,43.55037037037037,0
20,57.72,usd,14,0,0.0,44.57964285714286,0
20,45.59,usd,14,0,0.0,45.032758620689656,0
21,14.18,eur,0,0,0.0,,0
21,2.34,eur,1,0,0.0,14.18,0
21,9.18,eur,1,0,0.0,8.26,0
21,17.98,eur,1,0,0.0,8.566666666666666,0
21,10.47,eur,2,0,0.0,10.92,0
21,6.47,eur,3,0,0.0,10.83,0
21,4.55,eur,3,0,0.0,10.103333333333333,0
21,20.54,eur,4,0,0.0,9.31,0
21,10.58,eur,5,0,0.0,10.713750000000001,0
21,7.21,eur,5,0,0.0,10.69888888888889,0
21,5.82,eur,5,0,0.0,10.35,0
21,4.37,eur,5,0,0.0,9.938181818181818,0
21,6.96,eur,6,0,0.0,9.474166666666667,0
21,12.16,eur,7,0,0.0,9.28076923076923,0
21,11.98,eur,7,0,0.0,9.486428571428572,0
21,5.9,eur,8,0,0.0,9.652666666666667,0
21,11.68,eur,8,0,0.0,9.418125,0
21,9.56,eur,8,0,0.0,9.551176470588235,0
21,12.12,eur,8,0,0.0,9.551666666666668,0
21,16.02,eur,9,0,0.0,9.686842105263159,0
21,11.34,eur,9,0,0.0,10.0035,0
21,15.81,eur,9,0,0.0,10.067142857142859,0
21,23.65,eur,9,0,0.0,10.32818181818182,0
21,8.13,eur,10,0,0.0,10.907391304347827,0
21,7.26,eur,10,0,0.0,10.791666666666666,0
21,7.33,eur,11,0,0.0,10.6504,0
21,13.08,eur,11,0,0.0,10.522692307692306,0
21,17.43,eur,11,0,0.0,10.617407407407406,0
21,12.52,eur,11,0,0.0,10.860714285714284,0
21,32.55,eur,12,0,0.0,10.917931034482757,0
22,49.83,eur,0,0,0.0,,1
22,51.5,eur,0,0,0.0,49.83,0
22,69.12,eur,1,0,0.0,50.665,0
22,30.78,eur,1,0,0.0,56.81666666666666,0
22,38.02,eur,1,0,0.0,50.3075,0
22,19.15,eur,2,0,0.0,47.85,0
22,14.59,eur,2,0,0.0,43.06666666666666,0
22,7.74,eur,2,0,0.0,38.998571428571424,0
22,54.67,eur,3,0,0.0,35.09125,0
22,23.31,eur,3,0,0.0,37.26666666666667,0
22,22.55,eur,3,0,0.0,35.871,0
22,32.93,eur,4,0,0.0,34.660000000000004,0
22,74.1,eur,4,0,0.0,34.51583333333334,0
22,17.29,eur,5,0,0.0,37.56076923076924,0
22,29.91,eur,5,0,0.0,36.11285714285715,0
22,15.41,eur,5,0,0.0,35.69933333333334,0
22,34.14,eur,5,0,0.0,34.43125,0
22,11.5,eur,6,0,0.0,34.41411764705882,0
22,13.79,eur,7,0,0.0,33.14111111111111,0
22,34.37,eur,7,0,0.0,32.12263157894736,0
22,46.04,eur,7,0,0.0,32.235,1
22,25.77,eur,8,0,0.0,32.89238095238095,0
22,10.57,eur,8,0,0.0,32.56863636363636,0
22,21.34,eur,8,0,0.0,31.612173913043474,0
22,29.2,eur,9,0,0.0,31.18416666666667,0
22,34.84,eur,9,0,0.0,31.104800000000004,0
22,30.77,eur,9,0,0.0,31.248461538461545,0
22,27.1,eur,10,0,0.0,31.230740740740746,0
22,35.91,eur,11,0,0.0,31.08321428571429,0
22,30.36,eur,11,0,0.0,31.249655172413796,0
23,25.17,usd,0,0,0.0,,0
23,42.78,usd,1,0,0.0,25.17,0
23,55.35,usd,1,0,0.0,33.975,0
23,75.81,usd,2,0,0.0,41.1,0
23,41.82,usd,2,0,0.0,49.7775,0
23,59.35,usd,2,0,0.0,48.186,0
23,33.05,usd,3,0,0.0,50.046666666666674,0
23,41.9,usd,3,0,0.0,47.618571428571435,0
23,38.47,usd,3,0,0.0,46.90375,0
23,37.1,usd,4,0,0.0,45.96666666666667,0
23,28.96,usd,4,0,0.0,45.080000000000005,0
23,39.52,usd,5,0,0.0,43.61454545454546,0
23,44.25,usd,6,0,0.0,43.27333333333334,0
23,42.62,usd,6,0,0.0,43.34846153846154,0
23,70.62,usd,7,0,0.0,43.29642857142858,0
23,145.44,usd,8,0,0.0,45.11800000000001,0
23,26.59,usd,8,0,0.0,51.388124999999995,0
23,31.36,usd,9,0,0.0,49.92941176470588,0
23,54.24,usd,9,0,0.0,48.897777777777776,0
23,42.09,usd,10,0,0.0,49.17894736842105,0
23,25.1,usd,11,0,0.0,48.8245,0
23,28.99,usd,11,0,0.0,47.694761904761904,0
23,50.27,usd,12,0,0.0,46.844545454545454,0
23,50.92,usd,13,0,0.0,46.99347826086956,0
23,16.01,usd,13,0,0.0,47.15708333333333,0
23,24.59,usd,13,0,0.0,45.9112,0
23,20.48,usd,13,0,0.0,45.091153846153844,0
23,47.86,usd,14,0,0.0,44.17962962962962,0
23,31.22,usd,14,0,0.0,44.311071428571424,0
23,14.83,usd,14,0,0.0,43.85965517241379,0
24,55.66,eur,0,0,0.0,,0
24,12.79,eur,0,0,0.0,55.66,0
24,22.21,eur,0,0,0.0,34.224999999999994,0
24,20.51,eur,1,0,0.0,30.22,0
24,15.55,eur,1,0,0.0,27.7925,0
24,27.56,eur,1,0,0.0,25.344,0
24,16.21,eur,2,0,0.0,25.713333333333335,0
24,16.39,eur,2,0,0.0,24.35571428571429,0
24,38.85,eur,3,0,0.0,23.36,0
24,20.51,eur,4,0,0.0,25.08111111111111,0
24,14.72,eur,4,0,0.0,24.624,0
24,13.87,eur,5,0,0.0,23.723636363636363,0
24,11.75,eur,6,0,0.0,22.9025,0
24,27.21,eur,6,0,0.0,22.044615384615383,0
24,25.96,eur,7,0,0.0,22.413571428571426,0
24,44.94,eur,7,0,0.0,22.649999999999995,0
24,19.97,eur,7,0,0.0,24.043125,0
24,17.49,eur,7,0,0.0,23.803529411764703,0
24,10.15,eur,8,0,0.0,23.452777777777776,0
24,14.93,eur,8,0,0.0,22.752631578947366,0
24,19.82,eur,8,0,0.0,22.3615,0
24,19.52,eur,9,0,0.0,22.240476190476187,0
24,34.15,eur,10,0,0.0,22.11681818181818,0
24,23.04,eur,10,0,0.0,22.639999999999997,0
24,6.2,eur,11,0,0.0,22.656666666666666,0
24,18.47,eur,12,0,0.0,21.9984,0
24,27.61,eur,12,0,0.0,21.86269230769231,0
24,16.22,eur,13,0,0.0,22.075555555555557,0
24,27.92,eur,13,0,0.0,21.866428571428575,0
24,4.4,eur,13,0,0.0,22.075172413793105,0
25,24.06,usd,0,0,0.0,,0
25,14.9,usd,1,0,0.0,24.06,0
25,18.38,usd,2,0,0.0,19.48,0
25,5.89,usd,2,0,0.0,19.113333333333333,0
25,23.67,usd,2,0,0.0,15.807500000000001,0
25,20.63,usd,3,0,0.0,17.380000000000003,0
25,10.07,usd,4,0,0.0,17.921666666666667,1
25,8.31,usd,4,0,0.0,16.8,0
25,15.6,usd,4,0,0.0,15.73875,0
25,13.06,usd,5,0,0.0,15.723333333333333,0
25,19.61,usd,5,0,0.0,15.456999999999999,0
25,13.34,usd,5,0,0.0,15.834545454545456,0
25,11.23,usd,6,0,0.0,15.626666666666667,0
25,11.33,usd,7,0,0.0,15.288461538461538,0
25,22.94,usd,7,0,0.0,15.005714285714287,0
25,16.8,usd,7,0,0.0,15.534666666666668,0
25,14.12,usd,8,0,0.0,15.613750000000001,0
25,5.97,usd,9,0,0.0,15.525882352941176,0
25,10.15,usd,9,0,0.0,14.995000000000001,0
25,19.69,usd,10,0,0.0,14.74,0
25,27.18,usd,10,0,0.0,14.9875,0
25,11.8,usd,10,0,0.0,15.568095238095239,0
25,11.88,usd,11,0,0.0,15.396818181818183,0
25,18.87,usd,11,0,0.0,15.243913043478262,0
25,12.73,usd,12,0,0.0,15.395000000000001,0
25,4.35,usd,13,0,0.0,15.288400000000001,0
25,23.75,usd,13,0,0.0,14.86769230769231,0
25,7.88,usd,14,0,0.0,15.196666666666669,0
25,46.0,usd,14,0,0.0,14.935357142857145,0
25,10.69,usd,15,0,0.0,16.006551724137932,0
26,18.47,usd,0,0,0.0,,0
26,10.72,usd,1,0,0.0,18.47,0
26,7.97,usd,2,0,0.0,14.594999999999999,0
26,3.87,usd,2,0,0.0,12.386666666666665,0
26,6.13,usd,3,0,0.0,10.257499999999999,0
26,14.6,usd,4,0,0.0,9.431999999999999,0
26,11.85,usd,5,0,0.0,10.293333333333333,0
26,5.34,usd,5,0,0.0,10.515714285714285,0
26,7.6,usd,5,0,0.0,9.86875,0
26,6.66,usd,6,0,0.0,9.616666666666667,0
26,5.87,usd,7,0,0.0,9.321,0
26,5.4,usd,7,0,0.0,9.007272727272728,0
26,6.97,usd,7,0,0.0,8.706666666666667,0
26,5.31,usd,8,0,0.0,8.573076923076924,0
26,4.05,usd,8,0,0.0,8.34,0
26,5.74,usd,9,0,0.0,8.054,0
26,2.6,usd,9,0,0.0,7.909375,0
26,18.07,usd,10,0,0.0,7.597058823529412,0
26,14.68,usd,10,0,0.0,8.178888888888888,0
26,8.26,usd,11,0,0.0,8.521052631578948,0
26,13.92,usd,11,0,0.0,8.508,0
26,7.38,usd,11,0,0.0,8.765714285714285,0
26,3.6,usd,12,0,0.0,8.702727272727271,0
26,13.7,usd,12,0,0.0,8.48086956521739,0
26,11.08,usd,13,0,0.0,8.698333333333332,0
26,12.54,usd,13,0,0.0,8.7936,0
26,6.62,usd,13,0,0.0,8.937692307692307,0
26,6.37,usd,14,0,0.0,8.851851851851851,0
26,5.51,usd,15,0,0.0,8.763214285714286,0
26,13.7,usd,16,0,0.0,8.65103448275862,0
27,2.25,usd,0,0,0.0,,0
27,3.05,usd,0,0,0.0,2.25,0
27,8.4,usd,0,0,0.0,2.65,0
27,3.44,usd,1,0,0.0,4.566666666666666,0
27,5.81,usd,2,0,0.0,4.285,0
27,1.57,usd,2,0,0.0,4.59,0
27,3.77,usd,3,0,0.0,4.086666666666667,0
27,4.83,usd,4,0,0.0,4.041428571428571,0
27,4.09,usd,4,0,0.0,4.140000000000001,0
27,8.63,usd,4,0,0.0,4.134444444444445,0
27,4.33,usd,5,0,0.0,4.584000000000001,0
27,6.36,usd,5,0,0.0,4.5609090909090915,0
27,13.09,usd,5,0,0.0,4.710833333333334,0
27,3.3,usd,6,0,0.0,5.355384615384616,0
27,4.91,usd,6,0,0.0,5.208571428571429,0
27,7.97,usd,6,0,0.0,5.188666666666666,0
27,5.19,usd,7,0,0.0,5.3625,0
27,3.21,usd,7,0,0.0,5.35235294117647,0
27,6.48,usd,8,0,0.0,5.2333333333333325,1
27,4.36,usd,9,0,0.0,5.298947368421052,0
27,1.84,usd,9,0,0.0,5.252,0
27,3.9,usd,10,0,0.0,5.08952380952381,0
27,6.1,usd,10,0,0.0,5.035454545454545,1
27,7.45,usd,11,0,0.0,5.081739130434783,0
27,5.68,usd,11,0,0.0,5.180416666666667,0
27,3.97,usd,12,0,0.0,5.200399999999999,0
27,2.81,usd,12,0,0.0,5.153076923076923,0
27,5.94,usd,13,0,0.0,5.066296296296296,0
27,3.69,usd,13,0,0.0,5.097499999999999,0
27,3.4,usd,14,0,0.0,5.0489655172413785,0
28,4.75,xof,0,0,0.0,,0
28,6.09,xof,0,0,0.0,4.75,0
28,7.63,xof,1,0,0.0,5.42,0
28,6.0,xof,2,0,0.0,6.156666666666666,0
28,11.63,xof,3,0,0.0,6.1175,0
28,5.54,xof,3,0,0.0,7.220000000000001,0
28,6.34,xof,4,0,0.0,6.94,0
28,10.47,xof,4,0,0.0,6.854285714285715,0
28,6.07,xof,4,0,0.0,7.30625,0
28,9.44,xof,5,0,0.0,7.16888888888889,0
28,8.13,xof,5,0,0.0,7.396000000000001,0
28,6.31,xof,6,0,0.0,7.462727272727273,0
28,10.15,xof,6,0,0.0,7.366666666666667,0
28,3.3,xof,7,0,0.0,7.580769230769231,0
28,7.16,xof,8,0,0.0,7.275,0
28,9.31,xof,8,0,0.0,7.267333333333334,0
28,8.42,xof,9,0,0.0,7.3950000000000005,0
28,4.8,xof,9,0,0.0,7.4552941176470595,0
28,3.2,xof,10,0,0.0,7.307777777777779,0
28,7.58,xof,11,0,0.0,7.091578947368421,0
28,7.57,xof,11,0,0.0,7.116000000000001,0
28,1.98,xof,11,0,0.0,7.137619047619048,0
28,7.98,xof,12,0,0.0,6.903181818181818,0
28,3.56,xof,13,0,0.0,6.95,0
28,5.57,xof,14,0,0.0,6.808750000000001,0
28,9.86,xof,14,0,0.0,6.759200000000001,0
28,4.91,xof,14,0,0.0,6.87846153846154,0
28,4.88,xof,15,0,0.0,6.805555555555556,0
28,9.17,xof,16,0,0.0,6.736785714285715,1
28,6.99,xof,17,0,0.0,6.820689655172414,0
29,11.6,gbp,0,0,0.0,,0
29,42.51,gbp,1,0,0.0,11.6,0
29,61.93,gbp,2,0,0.0,27.055,0
29,20.31,gbp,2,0,0.0,38.68,0
29,18.53,gbp,2,0,0.0,34.0875,0
29,11.64,gbp,2,0,0.0,30.976,0
29,11.31,gbp,3,0,0.0,27.75333333333333,0
29,9.16,gbp,3,0,0.0,25.404285714285713,0
29,15.33,gbp,3,0,0.0,23.37375,0
29,13.49,gbp,4,1,15.33,22.480000000000004,0
29,14.84,gbp,4,0,0.0,21.581000000000003,0
29,22.48,gbp,4,0,0.0,20.968181818181822,0
29,7.71,gbp,5,0,0.0,21.09416666666667,0
29,16.76,gbp,5,0,0.0,20.064615384615387,0
29,8.91,gbp,6,0,0.0,19.82857142857143,0
29,16.61,gbp,6,0,0.0,19.10066666666667,0
29,9.87,gbp,7,0,0.0,18.945,0
29,15.59,gbp,8,0,0.0,18.411176470588234,0
29,23.98,gbp,8,0,0.0,18.254444444444445,0
29,12.17,gbp,9,0,0.0,18.55578947368421,0
29,28.43,gbp,9,0,0.0,18.2365,0
29,17.14,gbp,10,0,0.0,18.721904761904764,0
29,21.78,gbp,11,0,0.0,18.650000000000002,0
29,26.65,gbp,12,0,0.0,18.78608695652174,0
29,17.44,gbp,12,0,0.0,19.11375,0
29,20.3,gbp,12,0,0.0,19.0468,0
29,20.44,gbp,12,0,0.0,19.095000000000002,0
29,20.48,gbp,13,0,0.0,19.14481481481482,0
29,11.91,gbp,13,0,0.0,19.192500000000003,0
29,9.95,gbp,14,0,0.0,18.94137931034483,0
30,65.4,usd,0,0,0.0,,0
30,273.43,usd,1,0,0.0,65.4,0
30,110.58,usd,1,0,0.0,169.41500000000002,0
30,133.18,usd,1,0,0.0,149.80333333333334,0
30,63.24,usd,1,0,0.0,145.6475,0
30,47.27,usd,2,0,0.0,129.166,0
30,35.6,usd,2,0,0.0,115.51666666666667,0
30,43.95,usd,3,0,0.0,104.10000000000001,0
30,116.4,usd,3,0,0.0,96.58125000000001,0
30,35.64,usd,4,0,0.0,98.78333333333335,0
30,61.0,usd,5,0,0.0,92.46900000000001,0
30,192.15,usd,5,0,0.0,89.60818181818182,0
30,129.77,usd,6,0,0.0,98.15333333333335,0
30,73.7,usd,6,0,0.0,100.58538461538463,0
30,105.62,usd,7,0,0.0,98.665,0
30,48.26,usd,7,0,0.0,99.12866666666669,0
30,102.77,usd,8,0,0.0,95.949375,0
30,83.86,usd,8,0,0.0,96.35058823529413,0
30,59.95,usd,8,0,0.0,95.65666666666667,0
30,75.77,usd,8,0,0.0,93.77736842105263,0
30,138.67,usd,9,0,0.0,92.877,0
30,105.86,usd,9,0,0.0,95.05761904761906,0
30,57.98,usd,10,0,0.0,95.54863636363638,0
30,123.85,usd,10,0,0.0,93.91521739130435,0
30,84.46,usd,11,0,0.0,95.16250000000001,0
30,91.94,usd,11,0,0.0,94.73440000000001,0
30,58.25,usd,11,0,0.0,94.62692307692308,0
30,61.25,usd,12,0,0.0,93.27962962962964,1
30,38.5,usd,12,0,0.0,92.13571428571429,0
30,121.94,usd,12,0,0.0,90.28620689655173,0
31,32.55,gbp,0,0,0.0,,0
31,21.83,gbp,0,0,0.0,32.55,1
31,32.69,gbp,1,0,0.0,27.189999999999998,1
31,31.72,gbp,1,0,0.0,29.02333333333333,1
31,137.73,gbp,2,0,0.0,29.697499999999998,0
31,70.54,gbp,2,0,0.0,51.303999999999995,1
31,258.26,gbp,3,0,0.0,54.51,1
31,183.74,gbp,4,0,0.0,83.61714285714285,1
31,35.63,gbp,4,1,183.74,96.1325,0
31,132.48,gbp,4,0,0.0,89.41,1
31,42.06,gbp,4,0,0.0,93.717,1
31,290.74,gbp,5,0,0.0,89.02090909090909,1
31,70.65,gbp,5,0,0.0,105.83083333333333,0
31,176.99,gbp,6,0,0.0,103.1246153846154,1
31,26.06,gbp,7,0,0.0,108.4007142857143,0
31,35.21,gbp,7,0,0.0,102.91133333333333,0
31,27.07,gbp,8,0,0.0,98.68,0
31,91.2,gbp,8,0,0.0,94.46764705882353,1
31,174.85,gbp,8,1,91.2,94.28611111111111,0
31,51.48,gbp,9,0,0.0,98.52631578947368,0
31,469.13,gbp,9,0,0.0,96.174,0
31,70.22,gbp,9,1,469.13,113.93380952380953,0
31,322.12,gbp,9,2,539.35,111.94681818181817,0
31,49.59,gbp,9,0,0.0,121.08478260869565,1
31,29.27,gbp,9,0,0.0,118.10583333333334,0
31,329.27,gbp,10,0,0.0,114.55239999999999,0
31,110.06,gbp,10,0,0.0,122.81076923076922,0
31,252.8,gbp,11,0,0.0,122.33851851851851,1
31,40.44,gbp,12,0,0.0,126.99785714285714,0
31,234.06,gbp,12,0,0.0,124.01310344827587,1
32,50.33,gbp,0,0,0.0,,0
32,27.62,gbp,0,0,0.0,50.33,0
32,55.76,gbp,1,0,0.0,38.975,0
32,19.39,gbp,1,0,0.0,44.57,0
32,79.28,gbp,1,0,0.0,38.275000000000006,0
32,46.15,gbp,1,0,0.0,46.476000000000006,0
32,11.4,gbp,2,0,0.0,46.421666666666674,0
32,9.21,gbp,2,0,0.0,41.41857142857143,0
32,35.77,gbp,3,0,0.0,37.392500000000005,0
32,20.02,gbp,3,0,0.0,37.21222222222222,0
32,18.62,gbp,4,0,0.0,35.493,0
32,29.87,gbp,4,0,0.0,33.95909090909091,0
32,8.89,gbp,5,0,0.0,33.61833333333333,0
32,30.22,gbp,6,0,0.0,31.716153846153848,0
32,24.88,gbp,6,0,0.0,31.60928571428571,0
32,16.23,gbp,6,0,0.0,31.160666666666664,0
32,32.9,gbp,7,0,0.0,30.2275,0
32,42.66,gbp,7,0,0.0,30.38470588235294,0
32,23.56,gbp,8,0,0.0,31.066666666666663,0
32,46.4,gbp,8,0,0.0,30.671578947368413,0
32,19.32,gbp,9,0,0.0,31.45799999999999,0
32,31.5,gbp,9,0,0.0,30.879999999999995,0
32,50.36,gbp,9,0,0.0,30.908181818181813,0
32,15.73,gbp,9,0,0.0,31.753913043478256,0
32,13.99,gbp,10,0,0.0,31.086249999999996,0
32,17.66,gbp,11,0,0.0,30.402399999999997,0
32,27.3,gbp,12,0,0.0,29.91230769230769,0
32,21.38,gbp,12,0,0.0,29.81555555555555,0
32,30.72,gbp,12,0,0.0,29.51428571428571,0
32,37.98,gbp,12,0,0.0,29.555862068965514,0
33,24.24,gbp,0,0,0.0,,1
33,19.83,gbp,1,0,0.0,24.24,0
33,21.37,gbp,1,0,0.0,22.034999999999997,0
33,29.4,gbp,1,0,0.0,21.813333333333333,0
33,23.66,gbp,2,0,0.0,23.71,0
33,69.11,gbp,3,0,0.0,23.7,0
33,25.14,gbp,3,0,0.0,31.268333333333334,0
33,72.3,gbp,4,0,0.0,30.392857142857142,0
33,50.01,gbp,4,0,0.0,35.631249999999994,0
33,54.99,gbp,4,0,0.0,37.22888888888888,0
33,38.05,gbp,4,1,54.99,39.004999999999995,0
33,19.49,gbp,5,0,0.0,38.918181818181814,0
33,68.33,gbp,5,0,0.0,37.299166666666665,0
33,42.96,gbp,6,0,0.0,39.68615384615384,0
33,34.46,gbp,6,0,0.0,39.92,0
33,43.96,gbp,7,0,0.0,39.556000000000004,0
33,48.89,gbp,7,0,0.0,39.83125,0
33,36.42,gbp,8,0,0.0,40.36411764705882,0
33,44.76,gbp,9,0,0.0,40.144999999999996,0
33,38.19,gbp,9,0,0.0,40.3878947368421,0
33,21.2,gbp,9,0,0.0,40.278,0
33,48.68,gbp,10,0,0.0,39.36952380952381,0
33,169.43,gbp,10,0,0.0,39.79272727272727,1
33,30.5,gbp,11,0,0.0,45.42913043478261,0
33,35.15,gbp,11,0,0.0,44.80708333333333,0
33,42.6,gbp,12,0,0.0,44.4208,0
33,34.8,gbp,12,0,0.0,44.350769230769224,0
33,141.52,gbp,12,0,0.0,43.99703703703703,0
33,26.24,gbp,12,0,0.0,47.48,0
33,49.1,gbp,13,0,0.0,46.74758620689654,0
34,16.67,ngn,0,0,0.0,,0
34,37.21,ngn,1,0,0.0,16.67,0
34,38.89,ngn,2,0,0.0,26.94,0
34,28.82,ngn,2,0,0.0,30.923333333333336,0
34,16.1,ngn,2,0,0.0,30.3975,0
34,34.98,ngn,3,0,0.0,27.538,1
34,16.15,ngn,3,0,0.0,28.778333333333332,1
34,13.35,ngn,3,0,0.0,26.974285714285713,0
34,27.54,ngn,4,0,0.0,25.271250000000002,0
34,44.77,ngn,4,0,0.0,25.523333333333333,0
34,44.02,ngn,4,0,0.0,27.448,0
34,47.19,ngn,5,0,0.0,28.954545454545453,0
34,32.68,ngn,5,0,0.0,30.474166666666665,0
34,30.96,ngn,6,0,0.0,30.643846153846155,0
34,26.92,ngn,6,0,0.0,30.666428571428572,0
34,15.8,ngn,6,0,0.0,30.416666666666668,0
34,13.65,ngn,7,0,0.0,29.503125,0
34,43.52,ngn,7,0,0.0,28.570588235294117,0
34,11.49,ngn,8,0,0.0,29.401111111111113,0
34,19.62,ngn,8,0,0.0,28.458421052631582,0
34,35.88,ngn,8,0,0.0,28.0165,0
34,56.11,ngn,8,0,0.0,28.39095238095238,0
34,20.7,ngn,9,0,0.0,29.650909090909092,0
34,38.21,ngn,10,0,0.0,29.261739130434787,0
34,46.02,ngn,10,0,0.0,29.634583333333335,0
34,30.01,ngn,11,0,0.0,30.29,0
34,17.3,ngn,11,0,0.0,30.279230769230768,0
34,28.94,ngn,12,0,0.0,29.798518518518517,0
34,13.06,ngn,13,0,0.0,29.767857142857142,0
34,31.29,ngn,13,0,0.0,29.191724137931033,0
35,10.51,eur,0,0,0.0,,0
35,22.3,eur,1,0,0.0,10.51,0
35,2.52,eur,1,0,0.0,16.405,0
35,6.62,eur,1,0,0.0,11.776666666666669,0
35,9.12,eur,2,0,0.0,10.4875,1
35,5.66,eur,2,0,0.0,10.214,0
35,6.79,eur,3,0,0.0,9.455,0
35,14.63,eur,3,0,0.0,9.074285714285715,0
35,6.88,eur,4,0,0.0,9.76875,0
35,17.04,eur,4,0,0.0,9.447777777777778,0
35,8.94,eur,5,0,0.0,10.206999999999999,0
35,13.14,eur,5,0,0.0,10.091818181818182,0
35,12.43,eur,6,0,0.0,10.345833333333333,0
35,10.75,eur,7,0,0.0,10.506153846153845,0
35,15.93,eur,7,0,0.0,10.523571428571428,0
35,12.89,eur,8,0,0.0,10.883999999999999,0
35,6.02,eur,8,0,0.0,11.009374999999999,0
35,13.77,eur,9,0,0.0,10.715882352941176,0
35,17.16,eur,9,0,0.0,10.885555555555555,0
35,7.13,eur,9,0,0.0,11.215789473684211,0
35,4.46,eur,9,0,0.0,11.0115,0
35,14.7,eur,10,0,0.0,10.699523809523809,0
35,13.35,eur,11,0,0.0,10.881363636363636,0
35,8.74,eur,11,0,0.0,10.988695652173913,0
35,3.88,eur,12,0,0.0,10.895000000000001,0
35,8.65,eur,12,0,0.0,10.6144,0
35,5.81,eur,12,0,0.0,10.538846153846153,0
35,14.6,eur,13,0,0.0,10.363703703703704,0
35,4.78,eur,14,0,0.0,10.515,0
35,10.89,eur,14,0,0.0,10.317241379310344,0
36,14.14,gbp,0,0,0.0,,0
36,15.51,gbp,1,0,0.0,14.14,0
36,22.98,gbp,2,0,0.0,14.825,1
36,23.56,gbp,2,0,0.0,17.543333333333333,0
36,11.15,gbp,2,0,0.0,19.0475,0
36,24.62,gbp,3,0,0.0,17.468,0
36,9.81,gbp,3,0,0.0,18.66,0
36,21.07,gbp,4,0,0.0,17.395714285714288,1
36,18.4,gbp,5,0,0.0,17.855,0
36,23.69,gbp,5,0,0.0,17.915555555555557,0
36,15.14,gbp,6,0,0.0,18.493000000000002,1
36,20.91,gbp,6,0,0.0,18.188181818181818,0
36,16.39,gbp,7,0,0.0,18.415,0
36,14.21,gbp,8,0,0.0,18.25923076923077,0
36,28.57,gbp,8,0,0.0,17.970000000000002,0
36,8.35,gbp,9,0,0.0,18.67666666666667,0
36,31.96,gbp,10,0,0.0,18.03125,0
36,9.92,gbp,10,0,0.0,18.850588235294115,0
36,48.79,gbp,11,0,0.0,18.354444444444443,0
36,9.77,gbp,12,0,0.0,19.956315789473685,1
36,7.7,gbp,12,0,0.0,19.447,0
36,12.17,gbp,13,0,0.0,18.887619047619047,0
36,33.93,gbp,14,0,0.0,18.582272727272727,0
36,21.24,gbp,14,0,0.0,19.249565217391304,0
36,12.97,gbp,15,0,0.0,19.3325,0
36,25.59,gbp,16,0,0.0,19.078000000000003,0
36,31.44,gbp,17,0,0.0,19.32846153846154,0
36,17.84,gbp,18,0,0.0,19.777037037037037,0
36,27.52,gbp,18,0,0.0,19.707857142857144,0
36,18.36,gbp,19,0,0.0,19.977241379310346,0
37,17.3,ngn,0,0,0.0,,0
37,16.89,ngn,0,0,0.0,17.3,0
37,20.46,ngn,0,0,0.0,17.095,0
37,55.02,ngn,0,0,0.0,18.216666666666665,0
37,13.66,ngn,1,0,0.0,27.4175,0
37,18.6,ngn,1,0,0.0,24.666,0
37,10.29,ngn,2,0,0.0,23.655,0
37,26.65,ngn,2,0,0.0,21.745714285714286,0
37,8.08,ngn,2,0,0.0,22.35875,0
37,9.63,ngn,3,0,0.0,20.772222222222226,0
37,27.45,ngn,3,0,0.0,19.658,0
37,7.16,ngn,4,0,0.0,20.366363636363637,0
37,21.04,ngn,5,0,0.0,19.265833333333333,0
37,33.94,ngn,5,0,0.0,19.40230769230769,0
37,35.8,ngn,6,0,0.0,20.440714285714282,0
37,21.8,ngn,6,0,0.0,21.464666666666666,0
37,12.93,ngn,7,0,0.0,21.485625,0
37,42.85,ngn,7,0,0.0,20.98235294117647,0
37,35.76,ngn,8,0,0.0,22.197222222222223,0
37,18.46,ngn,9,0,0.0,22.911052631578947,0
37,11.5,ngn,9,0,0.0,22.688499999999998,0
37,19.04,ngn,10,0,0.0,22.155714285714286,0
37,12.41,ngn,11,0,0.0,22.01409090909091,0
37,15.25,ngn,11,0,0.0,21.596521739130434,0
37,19.55,ngn,12,0,0.0,21.332083333333333,0
37,26.06,ngn,12,0,0.0,21.2608,0
37,28.95,ngn,13,0,0.0,21.44538461538461,0
37,17.83,ngn,13,1,28.95,21.723333333333333,0
37,45.66,ngn,13,0,0.0,21.584285714285716,0
37,9.65,ngn,13,0,0.0,22.41448275862069,0
38,21.89,eur,0,0,0.0,,0
38,14.63,eur,0,0,0.0,21.89,0
38,18.9,eur,1,0,0.0,18.26,0
38,21.18,eur,2,0,0.0,18.473333333333333,0
38,38.6,eur,2,0,0.0,19.15,0
38,22.98,eur,3,0,0.0,23.04,0
38,29.01,eur,3,0,0.0,23.029999999999998,0
38,15.24,eur,4,0,0.0,23.88428571428571,0
38,23.13,eur,4,0,0.0,22.80375,0
38,18.31,eur,4,0,0.0,22.84,0
38,34.51,eur,4,0,0.0,22.387,0
38,9.54,eur,4,0,0.0,23.48909090909091,0
38,24.86,eur,5,0,0.0,22.326666666666668,0
38,16.68,eur,5,0,0.0,22.521538461538462,0
38,20.5,eur,5,0,0.0,22.104285714285716,0
38,8.86,eur,6,0,0.0,21.997333333333337,0
38,17.99,eur,6,0,0.0,21.17625,0
38,47.79,eur,7,0,0.0,20.988823529411764,0
38,11.6,eur,7,0,0.0,22.477777777777778,0
38,33.93,eur,8,0,0.0,21.90526315789474,0
38,14.33,eur,8,0,0.0,22.506500000000003,0
38,13.0,eur,8,0,0.0,22.11714285714286,0
38,28.07,eur,8,0,0.0,21.702727272727273,0
38,35.86,eur,9,0,0.0,21.979565217391304,0
38,7.59,eur,9,0,0.0,22.557916666666667,0
38,16.96,eur,10,0,0.0,21.9592,0
38,12.95,eur,10,0,0.0,21.766923076923078,0
38,18.49,eur,11,0,0.0,21.440370370370374,0
38,31.39,eur,11,0,0.0,21.335000000000004,0
38,15.15,eur,11,0,0.0,21.681724137931038,0
39,9.6,usd,0,0,0.0,,0
39,6.24,usd,1,0,0.0,9.6,0
39,14.25,usd,2,0,0.0,7.92,0
39,9.3,usd,2,0,0.0,10.03,0
39,8.68,usd,3,0,0.0,9.8475,0
39,5.05,usd,4,0,0.0,9.614,0
39,9.47,usd,5,0,0.0,8.853333333333333,0
39,4.73,usd,6,0,0.0,8.94142857142857,0
39,19.63,usd,6,0,0.0,8.415,0
39,11.26,usd,7,0,0.0,9.66111111111111,0
39,13.53,usd,7,0,0.0,9.821,0
39,25.82,usd,7,0,0.0,10.158181818181818,0
39,9.98,usd,8,0,0.0,11.463333333333333,0
39,11.6,usd,8,0,0.0,11.349230769230768,0
39,9.95,usd,8,0,0.0,11.367142857142856,0
39,10.61,usd,9,0,0.0,11.272666666666664,0
39,13.16,usd,9,0,0.0,11.23125,0
39,26.58,usd,10,0,0.0,11.34470588235294,0
39,7.03,usd,10,0,0.0,12.19111111111111,0
39,13.12,usd,10,0,0.0,11.919473684210526,0
39,5.86,usd,11,0,0.0,11.9795,0
39,12.27,usd,12,0,0.0,11.688095238095238,0
39,14.19,usd,13,0,0.0,11.714545454545457,0
39,5.11,usd,14,0,0.0,11.82217391304348,0
39,6.98,usd,15,0,0.0,11.542499999999999,0
39,5.36,usd,15,0,0.0,11.36,0
39,6.84,usd,16,0,0.0,11.12923076923077,0
39,8.82,usd,16,0,0.0,10.97037037037037,0
39,9.23,usd,17,0,0.0,10.893571428571429,0
39,13.84,usd,18,0,0.0,10.836206896551724,0
40,13.49,usd,0,0,0.0,,0
40,117.77,usd,0,0,0.0,13.49,1
40,94.85,usd,1,0,0.0,65.63,0
40,69.3,usd,1,0,0.0,75.36999999999999,1
40,7.36,usd,1,1,69.3,73.85249999999999,0
40,28.39,usd,2,0,0.0,60.553999999999995,0
40,9.83,usd,2,1,28.39,55.19333333333333,0
40,10.0,usd,2,0,0.0,48.71285714285714,0
40,87.46,usd,2,1,10.0,43.873749999999994,1
40,13.43,usd,3,0,0.0,48.71666666666666,0
40,13.26,usd,3,1,13.43,45.187999999999995,1
40,99.28,usd,3,0,0.0,42.28545454545454,1
40,211.1,usd,3,0,0.0,47.035,1
40,8.4,usd,3,1,211.1,59.65538461538461,0
40,5.13,usd,4,0,0.0,55.99428571428571,1
40,65.35,usd,5,0,0.0,52.60333333333333,0
40,17.57,usd,5,0,0.0,53.4,0
40,114.02,usd,5,0,0.0,51.292352941176475,0
40,8.69,usd,6,0,0.0,54.77722222222222,0
40,9.25,usd,7,0,0.0,52.351578947368424,0
40,9.12,usd,7,0,0.0,50.1965,0
40,6.12,usd,7,0,0.0,48.240476190476194,0
40,21.98,usd,8,0,0.0,46.32590909090909,0
40,9.87,usd,8,1,21.98,45.26739130434783,0
40,84.63,usd,8,2,31.85,43.7925,1
40,104.82,usd,8,3,116.47999999999999,45.426,1
40,6.05,usd,8,0,0.0,47.71038461538462,0
40,15.36,usd,9,0,0.0,46.16740740740741,1
40,76.42,usd,10,0,0.0,45.067142857142855,1
40,30.55,usd,10,1,76.42,46.148275862068964,0
41,4.27,usd,0,0,0.0,,0
41,16.52,usd,0,0,0.0,4.27,0
41,5.6,usd,0,0,0.0,10.395,0
41,6.65,usd,1,0,0.0,8.796666666666667,0
41,4.45,usd,1,0,0.0,8.26,0
41,4.82,usd,2,0,0.0,7.498,0
41,4.13,usd,2,0,0.0,7.051666666666667,0
41,9.6,usd,3,0,0.0,6.634285714285715,0
41,3.82,usd,3,0,0.0,7.005,1
41,27.79,usd,4,0,0.0,6.651111111111111,0
41,4.86,usd,4,0,0.0,8.765,0
41,27.46,usd,5,0,0.0,8.41,0
41,2.67,usd,5,0,0.0,9.9975,0
41,5.91,usd,5,0,0.0,9.433846153846154,0
41,9.61,usd,5,0,0.0,9.182142857142859,0
41,11.41,usd,6,0,0.0,9.210666666666668,0
41,12.14,usd,6,0,0.0,9.348125,0
41,5.61,usd,6,0,0.0,9.51235294117647,0
41,9.75,usd,7,0,0.0,9.295555555555556,0
41,9.08,usd,8,0,0.0,9.319473684210527,0
41,8.46,usd,9,0,0.0,9.307500000000001,0
41,7.02,usd,10,0,0.0,9.267142857142858,0
41,11.62,usd,10,0,0.0,9.165000000000001,0
41,15.73,usd,10,0,0.0,9.271739130434783,0
41,8.02,usd,11,0,0.0,9.540833333333333,0
41,7.91,usd,12,0,0.0,9.48,0
41,13.4,usd,12,0,0.0,9.419615384615385,0
41,13.37,usd,13,0,0.0,9.567037037037037,0
41,15.74,usd,13,0,0.0,9.702857142857143,0
41,6.51,usd,14,0,0.0,9.911034482758621,0
42,5.4,xof,0,0,0.0,,0
42,10.19,xof,0,0,0.0,5.4,0
42,10.51,xof,1,0,0.0,7.795,0
42,13.15,xof,2,0,0.0,8.700000000000001,0
42,7.98,xof,2,0,0.0,9.8125,0
42,6.06,xof,3,0,0.0,9.446000000000002,0
42,11.29,xof,3,0,0.0,8.881666666666668,0
42,10.44,xof,3,0,0.0,9.225714285714288,0
42,6.42,xof,4,0,0.0,9.3775,1
42,15.03,xof,4,0,0.0,9.04888888888889,0
42,4.84,xof,5,0,0.0,9.647,0
42,10.39,xof,5,0,0.0,9.21,0
42,7.77,xof,6,0,0.0,9.308333333333334,0
42,5.96,xof,7,0,0.0,9.19,0
42,10.3,xof,7,0,0.0,8.959285714285715,0
42,9.87,xof,8,0,0.0,9.048666666666666,0
42,14.7,xof,9,0,0.0,9.100000000000001,0
42,9.99,xof,9,0,0.0,9.429411764705883,0
42,4.19,xof,10,0,0.0,9.460555555555556,0
42,6.57,xof,10,0,0.0,9.183157894736842,0
42,10.0,xof,11,0,0.0,9.0525,0
42,12.16,xof,11,0,0.0,9.097619047619048,0
42,9.83,xof,12,0,0.0,9.236818181818181,0
42,6.41,xof,13,0,0.0,9.262608695652174,0
42,8.4,xof,13,0,0.0,9.143749999999999,0
42,5.6,xof,14,0,0.0,9.113999999999999,0
42,6.83,xof,14,0,0.0,8.978846153846153,1
42,14.14,xof,15,0,0.0,8.89925925925926,0
42,6.91,xof,15,0,0.0,9.086428571428572,0
42,13.97,xof,15,0,0.0,9.011379310344829,0
43,31.6,gbp,0,0,0.0,,0
43,20.33,gbp,1,0,0.0,31.6,0
43,17.88,gbp,1,0,0.0,25.965,0
43,16.63,gbp,2,0,0.0,23.27,0
43,37.68,gbp,2,0,0.0,21.61,0
43,5.03,gbp,3,0,0.0,24.824,0
43,14.39,gbp,4,0,0.0,21.525000000000002,0
43,19.3,gbp,5,0,0.0,20.505714285714287,0
43,18.38,gbp,5,0,0.0,20.355,0
43,14.89,gbp,6,0,0.0,20.135555555555555,0
43,19.15,gbp,6,0,0.0,19.611,0
43,24.46,gbp,7,0,0.0,19.56909090909091,0
43,27.94,gbp,7,0,0.0,19.97666666666667,0
43,24.62,gbp,8,0,0.0,20.58923076923077,0
43,46.83,gbp,8,0,0.0,20.87714285714286,0
43,5.54,gbp,9,0,0.0,22.607333333333333,0
43,18.84,gbp,9,0,0.0,21.540625,0
43,13.46,gbp,9,0,0.0,21.38176470588235,0
43,13.69,gbp,10,0,0.0,20.941666666666663,0
43,13.04,gbp,10,0,0.0,20.559999999999995,0
43,26.78,gbp,11,0,0.0,20.183999999999997,0
43,26.97,gbp,12,0,0.0,20.498095238095235,1
43,15.94,gbp,12,0,0.0,20.792272727272724,0
43,30.87,gbp,13,0,0.0,20.581304347826084,0
43,17.91,gbp,13,0,0.0,21.01,0
43,37.07,gbp,13,0,0.0,20.886,0
43,21.63,gbp,14,0,0.0,21.50846153846154,0
43,16.71,gbp,14,0,0.0,21.512962962962963,0
43,37.76,gbp,15,0,0.0,21.341428571428573,0
43,50.32,gbp,16,0,0.0,21.907586206896553,0
44,9.62,ngn,0,0,0.0,,0
44,17.53,ngn,0,0,0.0,9.62,0
44,18.38,ngn,1,0,0.0,13.575,0
44,19.1,ngn,2,0,0.0,15.176666666666668,0
44,17.04,ngn,2,0,0.0,16.1575,0
44,13.96,ngn,3,0,0.0,16.333999999999996,0
44,19.82,ngn,4,0,0.0,15.938333333333333,0
44,9.41,ngn,5,0,0.0,16.49285714285714,0
44,11.33,ngn,6,0,0.0,15.6075,1
44,5.12,ngn,6,0,0.0,15.132222222222222,0
44,15.22,ngn,7,0,0.0,14.131,0
44,14.42,ngn,8,0,0.0,14.23,0
44,12.18,ngn,8,0,0.0,14.245833333333332,0
44,24.16,ngn,9,0,0.0,14.086923076923076,0
44,8.86,ngn,9,0,0.0,14.80642857142857,0
44,16.86,ngn,10,0,0.0,14.409999999999998,0
44,17.16,ngn,10,0,0.0,14.563125,0
44,19.17,ngn,11,0,0.0,14.715882352941176,0
44,12.87,ngn,11,0,0.0,14.963333333333331,0
44,25.64,ngn,12,0,0.0,14.85315789473684,0
44,17.01,ngn,12,0,0.0,15.392499999999998,0
44,13.78,ngn,12,0,0.0,15.469523809523807,0
44,18.58,ngn,13,0,0.0,15.392727272727269,0
44,32.94,ngn,14,0,0.0,15.531304347826083,0
44,8.06,ngn,14,0,0.0,16.256666666666668,0
44,17.85,ngn,15,0,0.0,15.9288,0
44,23.01,ngn,16,0,0.0,16.00269230769231,0
44,9.05,ngn,17,0,0.0,16.262222222222224,0
44,19.75,ngn,18,0,0.0,16.00464285714286,1
44,14.07,ngn,18,0,0.0,16.133793103448276,0
45,6.99,usd,0,0,0.0,,0
45,11.35,usd,1,0,0.0,6.99,0
45,21.2,usd,1,0,0.0,9.17,0
45,12.97,usd,1,0,0.0,13.18,0
45,16.64,usd,2,0,0.0,13.1275,0
45,21.69,usd,3,0,0.0,13.830000000000002,0
45,17.83,usd,4,0,0.0,15.14,0
45,15.72,usd,4,0,0.0,15.524285714285714,0
45,6.83,usd,4,0,0.0,15.54875,0
45,9.29,usd,4,0,0.0,14.58,0
45,12.41,usd,5,0,0.0,14.050999999999998,0
45,8.4,usd,5,0,0.0,13.90181818181818,0
45,8.43,usd,5,0,0.0,13.443333333333333,0
45,2.86,usd,6,0,0.0,13.057692307692308,0
45,8.3,usd,6,0,0.0,12.329285714285716,0
45,7.25,usd,7,0,0.0,12.060666666666668,0
45,8.17,usd,7,0,0.0,11.76,0
45,19.33,usd,8,0,0.0,11.548823529411763,0
45,8.94,usd,8,0,0.0,11.98111111111111,0
45,9.27,usd,9,0,0.0,11.821052631578945,0
45,7.1,usd,9,0,0.0,11.693499999999998,0
45,10.19,usd,10,0,0.0,11.474761904761904,0
45,12.05,usd,10,0,0.0,11.416363636363634,0
45,10.38,usd,10,0,0.0,11.44391304347826,0
45,11.52,usd,11,0,0.0,11.399583333333334,1
45,13.84,usd,11,0,0.0,11.4044,0
45,46.2,usd,12,0,0.0,11.498076923076923,0
45,4.82,usd,12,0,0.0,12.783333333333333,0
45,8.17,usd,12,0,0.0,12.49892857142857,0
45,13.54,usd,13,0,0.0,12.349655172413792,0
46,10.33,xof,0,0,0.0,,0
46,6.12,xof,0,0,0.0,10.33,0
46,2.79,xof,1,0,0.0,8.225,0
46,6.07,xof,1,0,0.0,6.413333333333333,0
46,4.95,xof,1,0,0.0,6.3275,0
46,10.03,xof,2,0,0.0,6.052,0
46,8.09,xof,2,0,0.0,6.715,0
46,5.32,xof,2,0,0.0,6.911428571428571,0
46,6.19,xof,3,0,0.0,6.7125,0
46,9.17,xof,3,0,0.0,6.654444444444445,0
46,2.59,xof,3,0,0.0,6.906000000000001,0
46,7.08,xof,4,0,0.0,6.513636363636365,0
46,3.56,xof,4,0,0.0,6.560833333333334,0
46,18.77,xof,5,0,0.0,6.33,0
46,3.63,xof,6,0,0.0,7.218571428571429,0
46,3.99,xof,7,0,0.0,6.979333333333333,0
46,9.81,xof,7,0,0.0,6.7925,0
46,6.4,xof,7,0,0.0,6.970000000000001,0
46,3.43,xof,8,0,0.0,6.938333333333334,0
46,14.69,xof,8,0,0.0,6.753684210526317,0
46,4.33,xof,9,0,0.0,7.150500000000001,0
46,6.14,xof,9,0,0.0,7.016190476190478,0
46,7.56,xof,9,0,0.0,6.976363636363637,0
46,16.78,xof,10,0,0.0,7.001739130434784,0
46,5.93,xof,10,0,0.0,7.409166666666667,0
46,3.31,xof,11,0,0.0,7.35,0
46,11.24,xof,11,0,0.0,7.194615384615385,0
46,5.02,xof,12,0,0.0,7.344444444444445,0
46,9.3,xof,13,0,0.0,7.2614285714285725,0
46,11.35,xof,13,0,0.0,7.331724137931036,0
47,9.8,xof,0,0,0.0,,0
47,4.26,xof,1,0,0.0,9.8,0
47,11.72,xof,1,0,0.0,7.03,0
47,23.36,xof,1,0,0.0,8.593333333333334,1
47,13.54,xof,1,0,0.0,12.285,0
47,10.63,xof,1,0,0.0,12.536,0
47,5.4,xof,2,0,0.0,12.218333333333334,0
47,11.12,xof,2,0,0.0,11.244285714285715,1
47,9.03,xof,2,0,0.0,11.22875,0
47,4.59,xof,3,0,0.0,10.984444444444444,1
47,30.92,xof,4,0,0.0,10.345,0
47,6.75,xof,4,0,0.0,12.215454545454547,0
47,8.76,xof,5,0,0.0,11.76,1
47,14.73,xof,5,0,0.0,11.529230769230768,0
47,7.69,xof,6,0,0.0,11.757857142857143,0
47,10.44,xof,7,0,0.0,11.486666666666666,0
47,14.02,xof,7,0,0.0,11.42125,0
47,10.23,xof,8,0,0.0,11.574117647058825,0
47,10.93,xof,9,0,0.0,11.499444444444444,0
47,11.16,xof,9,0,0.0,11.469473684210527,0
47,6.53,xof,10,0,0.0,11.454,0
47,11.14,xof,11,0,0.0,11.21952380952381,0
47,5.73,xof,12,0,0.0,11.215909090909092,0
47,10.58,xof,12,0,0.0,10.977391304347826,0
47,3.07,xof,13,0,0.0,10.960833333333332,0
47,4.28,xof,14,0,0.0,10.645199999999997,0
47,13.4,xof,14,0,0.0,10.400384615384612,0
47,13.09,xof,15,0,0.0,10.511481481481477,0
47,12.18,xof,15,0,0.0,10.603571428571424,0
47,17.0,xof,16,0,0.0,10.657931034482754,0
48,37.31,gbp,0,0,0.0,,0
48,63.84,gbp,1,0,0.0,37.31,0
48,40.24,gbp,1,0,0.0,50.575,0
48,23.81,gbp,1,0,0.0,47.13,0
48,30.31,gbp,2,0,0.0,41.300000000000004,0
48,49.84,gbp,3,0,0.0,39.102000000000004,0
48,42.94,gbp,3,0,0.0,40.89166666666667,0
48,50.1,gbp,3,0,0.0,41.184285714285714,0
48,73.16,gbp,4,0,0.0,42.29875,0
48,26.58,gbp,4,0,0.0,45.727777777777774,0
48,11.21,gbp,5,0,0.0,43.812999999999995,0
48,28.62,gbp,5,0,0.0,40.849090909090904,0
48,30.55,gbp,6,0,0.0,39.82999999999999,0
48,97.08,gbp,6,0,0.0,39.11615384615384,0
48,64.04,gbp,6,0,0.0,43.256428571428565,0
48,36.98,gbp,7,0,0.0,44.64199999999999,0
48,50.55,gbp,8,0,0.0,44.163125,0
48,45.73,gbp,8,0,0.0,44.538823529411765,0
48,59.43,gbp,8,0,0.0,44.605,0
48,53.87,gbp,9,0,0.0,45.385263157894734,0
48,50.37,gbp,10,0,0.0,45.8095,0
48,51.68,gbp,11,0,0.0,46.026666666666664,0
48,33.96,gbp,11,0,0.0,46.28363636363636,0
48,64.35,gbp,12,0,0.0,45.747826086956515,0
48,37.19,gbp,12,0,0.0,46.52291666666667,0
48,91.33,gbp,13,0,0.0,46.1496,0
48,39.4,gbp,13,0,0.0,47.88730769230769,0
48,48.61,gbp,14,0,0.0,47.57296296296296,0
48,51.7,gbp,14,0,0.0,47.61,0
48,36.01,gbp,15,0,0.0,47.75103448275862,0
49,93.17,ngn,0,0,0.0,,0
49,86.02,ngn,1,0,0.0,93.17,0
49,174.32,ngn,1,0,0.0,89.595,0
49,95.69,ngn,2,0,0.0,117.83666666666666,0
49,65.32,ngn,2,0,0.0,112.3,0
49,22.34,ngn,3,0,0.0,102.904,0
49,122.46,ngn,3,0,0.0,89.47666666666667,1
49,94.26,ngn,4,0,0.0,94.18857142857144,0
49,110.68,ngn,4,0,0.0,94.19749999999999,0
49,64.28,ngn,4,0,0.0,96.02888888888889,0
49,41.67,ngn,5,0,0.0,92.854,0
49,106.59,ngn,5,0,0.0,88.20090909090908,0
49,54.08,ngn,5,0,0.0,89.73333333333333,0
49,194.83,ngn,6,0,0.0,86.99076923076922,0
49,90.28,ngn,7,0,0.0,94.69357142857142,0
49,88.5,ngn,8,0,0.0,94.39933333333332,0
49,80.98,ngn,8,0,0.0,94.030625,0
49,112.82,ngn,8,0,0.0,93.26294117647059,0
49,87.4,ngn,8,0,0.0,94.34944444444444,0
49,66.81,ngn,8,1,87.4,93.98368421052632,0
49,76.18,ngn,9,0,0.0,92.625,0
49,321.41,ngn,9,0,0.0,91.84190476190477,0
49,135.64,ngn,9,0,0.0,102.27681818181819,0
49,25.33,ngn,10,0,0.0,103.72739130434783,0
49,98.31,ngn,10,0,0.0,100.46083333333335,0
49,110.32,ngn,11,0,0.0,100.37480000000001,0
49,52.7,ngn,11,0,0.0,100.7573076923077,0
49,66.74,ngn,12,0,0.0,98.97740740740743,0
49,63.94,ngn,12,0,0.0,97.82607142857144,0
49,82.67,ngn,13,0,0.0,96.65758620689655,0
50,23.9,usd,0,0,0.0,,0
50,24.23,usd,1,0,0.0,23.9,0
50,37.75,usd,1,0,0.0,24.064999999999998,0
50,29.04,usd,2,0,0.0,28.626666666666665,0
50,31.36,usd,3,0,0.0,28.729999999999997,0
50,33.46,usd,3,0,0.0,29.255999999999993,0
50,44.22,usd,4,0,0.0,29.956666666666663,0
50,57.55,usd,4,0,0.0,31.994285714285713,0
50,29.32,usd,5,0,0.0,35.18875,1
50,16.14,usd,5,0,0.0,34.53666666666666,0
50,28.73,usd,6,0,0.0,32.696999999999996,0
50,14.96,usd,6,0,0.0,32.336363636363636,0
50,23.49,usd,7,0,0.0,30.888333333333332,0
50,8.28,usd,7,0,0.0,30.319230769230767,0
50,17.18,usd,7,0,0.0,28.744999999999997,0
50,24.79,usd,8,0,0.0,27.973999999999997,0
50,24.1,usd,8,0,0.0,27.775,0
50,28.81,usd,8,0,0.0,27.558823529411764,0
50,15.02,usd,8,0,0.0,27.628333333333334,0
50,28.78,usd,9,0,0.0,26.964736842105264,0
50,61.99,usd,9,0,0.0,27.055500000000002,0
50,38.93,usd,9,0,0.0,28.719047619047622,0
50,27.77,usd,10,0,0.0,29.18318181818182,0
50,56.69,usd,10,0,0.0,29.12173913043478,0
50,15.48,usd,11,0,0.0,30.270416666666666,0
50,56.54,usd,11,0,0.0,29.678800000000003,0
50,63.67,usd,12,0,0.0,30.711923076923078,0
50,22.55,usd,12,0,0.0,31.93259259259259,0
50,13.22,usd,13,0,0.0,31.597499999999997,0
50,21.33,usd,14,0,0.0,30.963793103448275,0
51,11.85,eur,0,0,0.0,,0
51,69.49,eur,1,0,0.0,11.85,0
51,5.45,eur,1,0,0.0,40.669999999999995,0
51,45.66,eur,2,0,0.0,28.929999999999996,0
51,39.39,eur,3,0,0.0,33.1125,0
51,26.13,eur,3,0,0.0,34.367999999999995,0
51,41.99,eur,4,0,0.0,32.995,0
51,69.34,eur,4,0,0.0,34.279999999999994,0
51,24.97,eur,5,0,0.0,38.6625,0
51,25.58,eur,5,0,0.0,37.14111111111111,0
51,7.94,eur,5,0,0.0,35.985,0
51,34.5,eur,6,0,0.0,33.43545454545454,0
51,18.44,eur,6,0,0.0,33.524166666666666,0
51,37.7,eur,7,0,0.0,32.363846153846154,0
51,22.82,eur,7,0,0.0,32.745,0
51,13.37,eur,8,0,0.0,32.08333333333333,0
51,17.2,eur,9,0,0.0,30.91375,0
51,9.42,eur,10,0,0.0,30.10705882352941,0
51,31.57,eur,10,0,0.0,28.95777777777778,0
51,11.97,eur,11,0,0.0,29.09526315789474,0
51,39.83,eur,11,0,0.0,28.239000000000004,0
51,17.85,eur,11,0,0.0,28.790952380952387,0
51,23.33,eur,11,0,0.0,28.29363636363637,0
51,22.95,eur,11,0,0.0,28.07782608695653,0
51,18.7,eur,12,0,0.0,27.864166666666666,0
51,11.62,eur,13,0,0.0,27.497600000000002,0
51,33.27,eur,13,0,0.0,26.88692307692308,0
51,16.46,eur,13,0,0.0,27.123333333333335,0
51,27.07,eur,14,0,0.0,26.742500000000003,0
51,13.13,eur,14,0,0.0,26.75379310344828,0
52,18.28,ngn,0,0,0.0,,0
52,16.13,ngn,1,0,0.0,18.28,0
52,17.55,ngn,1,0,0.0,17.205,0
52,31.22,ngn,1,0,0.0,17.319999999999997,0
52,18.62,ngn,1,0,0.0,20.794999999999998,0
52,9.28,ngn,2,0,0.0,20.36,0
52,19.14,ngn,3,0,0.0,18.513333333333332,0
52,11.27,ngn,3,0,0.0,18.602857142857143,0
52,14.26,ngn,4,0,0.0,17.68625,0
52,26.18,ngn,5,0,0.0,17.305555555555557,0
52,10.89,ngn,5,0,0.0,18.193,1
52,18.08,ngn,6,0,0.0,17.529090909090908,0
52,25.61,ngn,7,0,0.0,17.575,0
52,13.72,ngn,7,0,0.0,18.193076923076923,0
52,11.89,ngn,7,0,0.0,17.873571428571427,0
52,7.29,ngn,8,0,0.0,17.474666666666668,0
52,25.6,ngn,8,0,0.0,16.838124999999998,0
52,23.88,ngn,9,0,0.0,17.353529411764704,0
52,33.46,ngn,9,0,0.0,17.71611111111111,0
52,10.08,ngn,10,0,0.0,18.544736842105262,0
52,19.97,ngn,10,0,0.0,18.121499999999997,0
52,10.85,ngn,10,0,0.0,18.20952380952381,0
52,12.99,ngn,11,0,0.0,17.875,0
52,16.81,ngn,12,0,0.0,17.662608695652175,0
52,24.77,ngn,12,0,0.0,17.627083333333335,0
52,5.66,ngn,12,0,0.0,17.9128,0
52,14.65,ngn,13,0,0.0,17.441538461538464,0
52,8.96,ngn,14,0,0.0,17.338148148148147,0
52,15.99,ngn,14,0,0.0,17.03892857142857,0
52,14.99,ngn,15,0,0.0,17.002758620689654,0
53,14.08,eur,0,0,0.0,,0
53,3.91,eur,0,0,0.0,14.08,0
53,16.58,eur,1,0,0.0,8.995000000000001,0
53,10.78,eur,2,0,0.0,11.523333333333333,0
53,6.54,eur,2,0,0.0,11.3375,0
53,18.99,eur,2,0,0.0,10.378,0
53,12.02,eur,3,0,0.0,11.813333333333333,0
53,14.9,eur,3,0,0.0,11.842857142857142,0
53,19.07,eur,4,0,0.0,12.225000000000001,0
53,22.74,eur,4,0,0.0,12.985555555555557,0
53,13.53,eur,5,0,0.0,13.961000000000002,0
53,19.07,eur,6,0,0.0,13.921818181818184,0
53,6.74,eur,6,0,0.0,14.350833333333334,0
53,17.9,eur,7,0,0.0,13.765384615384617,0
53,7.6,eur,7,0,0.0,14.060714285714287,0
53,18.35,eur,8,0,0.0,13.63,0
53,11.93,eur,8,0,0.0,13.924999999999999,0
53,10.44,eur,8,0,0.0,13.807647058823528,0
53,9.14,eur,9,0,0.0,13.620555555555555,0
53,14.49,eur,9,0,0.0,13.384736842105264,0
53,5.99,eur,10,0,0.0,13.440000000000001,0
53,28.79,eur,10,0,0.0,13.085238095238097,1
53,7.38,eur,11,0,0.0,13.79909090909091,0
53,6.74,eur,11,0,0.0,13.520000000000001,0
53,10.19,eur,11,0,0.0,13.237499999999999,0
53,5.31,eur,12,0,0.0,13.115599999999999,0
53,9.29,eur,12,0,0.0,12.815384615384614,0
53,25.63,eur,12,0,0.0,12.684814814814816,0
53,26.62,eur,13,0,0.0,13.147142857142857,0
53,15.26,eur,13,1,26.62,13.611724137931034,0
54,31.79,gbp,0,0,0.0,,0
54,18.37,gbp,0,0,0.0,31.79,0
54,33.24,gbp,1,0,0.0,25.08,0
54,16.76,gbp,1,0,0.0,27.8,0
54,18.53,gbp,2,0,0.0,25.040000000000003,0
54,26.21,gbp,3,0,0.0,23.738000000000003,0
54,15.11,gbp,3,0,0.0,24.150000000000002,0
54,22.38,gbp,3,0,0.0,22.858571428571427,0
54,40.88,gbp,4,0,0.0,22.79875,0
54,10.38,gbp,4,0,0.0,24.807777777777776,0
54,27.06,gbp,5,0,0.0,23.365,0
54,27.47,gbp,6,0,0.0,23.70090909090909,0
54,67.64,gbp,6,0,0.0,24.014999999999997,0
54,13.73,gbp,6,0,0.0,27.370769230769227,0
54,19.9,gbp,6,0,0.0,26.39642857142857,1
54,33.23,gbp,7,0,0.0,25.963333333333328,0
54,28.87,gbp,7,0,0.0,26.4175,0
54,21.4,gbp,8,0,0.0,26.561764705882354,0
54,28.53,gbp,8,0,0.0,26.275,0
54,14.95,gbp,8,0,0.0,26.393684210526317,0
54,10.45,gbp,9,0,0.0,25.821500000000004,0
54,16.5,gbp,9,0,0.0,25.089523809523815,0
54,42.3,gbp,10,0,0.0,24.699090909090913,0
54,13.33,gbp,10,0,0.0,25.46434782608696,0
54,10.75,gbp,11,0,0.0,24.95875,0
54,26.18,gbp,12,0,0.0,24.3904,0
54,26.92,gbp,12,0,0.0,24.459230769230768,0
54,16.71,gbp,13,0,0.0,24.550370370370366,0
54,22.53,gbp,13,0,0.0,24.27035714285714,0
54,21.31,gbp,14,0,0.0,24.210344827586205,0
55,36.98,usd,0,0,0.0,,0
55,13.59,usd,0,0,0.0,36.98,0
55,6.52,usd,1,0,0.0,25.284999999999997,0
55,42.16,usd,1,0,0.0,19.029999999999998,0
55,13.25,usd,2,0,0.0,24.812499999999996,0
55,31.23,usd,2,0,0.0,22.499999999999996,0
55,17.95,usd,3,0,0.0,23.955,0
55,52.63,usd,4,0,0.0,23.097142857142853,0
55,37.72,usd,4,0,0.0,26.78875,0
55,13.45,usd,4,0,0.0,28.003333333333334,1
55,84.05,usd,5,0,0.0,26.548000000000002,0
55,25.57,usd,5,0,0.0,31.775454545454547,0
55,19.85,usd,6,0,0.0,31.258333333333336,0
55,24.26,usd,6,0,0.0,30.380769230769236,0
55,38.08,usd,6,0,0.0,29.94357142857143,0
55,10.46,usd,7,0,0.0,30.486,0
55,21.32,usd,7,0,0.0,29.234375,0
55,10.37,usd,8,0,0.0,28.768823529411765,0
55,9.01,usd,9,0,0.0,27.746666666666666,0
55,9.63,usd,9,0,0.0,26.760526315789473,0
55,14.28,usd,10,0,0.0,25.904000000000003,0
55,13.15,usd,10,0,0.0,25.35047619047619,0
55,29.24,usd,11,0,0.0,24.795909090909092,0
55,6.99,usd,11,0,0.0,24.98913043478261,0
55,31.15,usd,12,0,0.0,24.239166666666666,0
55,16.37,usd,12,0,0.0,24.5156,0
55,29.0,usd,13,0,0.0,24.20230769230769,0
55,52.23,usd,14,0,0.0,24.38,0
55,12.09,usd,14,0,0.0,25.374642857142856,0
55,17.12,usd,15,0,0.0,24.916551724137932,0
56,40.49,usd,0,0,0.0,,0
56,63.95,usd,0,0,0.0,40.49,0
56,35.96,usd,1,0,0.0,52.22,0
56,79.05,usd,1,0,0.0,46.800000000000004,0
56,48.16,usd,1,0,0.0,54.8625,0
56,42.54,usd,2,0,0.0,53.522000000000006,0
56,48.4,usd,2,0,0.0,51.69166666666667,0
56,35.82,usd,2,0,0.0,51.221428571428575,0
56,54.66,usd,3,0,0.0,49.29625,0
56,65.7,usd,3,0,0.0,49.892222222222216,0
56,27.12,usd,3,0,0.0,51.473,0
56,29.83,usd,4,0,0.0,49.25909090909091,0
56,17.6,usd,4,0,0.0,47.64000000000001,0
56,59.44,usd,5,0,0.0,45.329230769230776,0
56,23.53,usd,5,0,0.0,46.33714285714286,0
56,91.5,usd,6,0,0.0,44.81666666666667,0
56,44.72,usd,7,0,0.0,47.734375,0
56,78.4,usd,8,0,0.0,47.55705882352942,0
56,51.45,usd,8,1,78.4,49.27055555555555,0
56,25.18,usd,8,0,0.0,49.38526315789474,0
56,80.4,usd,9,0,0.0,48.175,0
56,32.31,usd,10,0,0.0,49.709523809523816,0
56,23.1,usd,10,0,0.0,48.91863636363637,0
56,34.54,usd,11,0,0.0,47.796086956521734,0
56,55.17,usd,12,0,0.0,47.24375,0
56,42.84,usd,13,0,0.0,47.5608,0
56,27.21,usd,13,0,0.0,47.379230769230766,0
56,85.18,usd,13,1,27.21,46.63222222222222,0
56,49.12,usd,13,0,0.0,48.00892857142857,0
56,46.08,usd,13,0,0.0,48.04724137931034,0
57,657.1,xof,0,0,0.0,,1
57,17.69,xof,0,1,657.1,657.1,1
57,278.89,xof,0,0,0.0,337.39500000000004,1
57,239.44,xof,1,0,0.0,317.8933333333334,1
57,267.05,xof,2,0,0.0,298.28000000000003,1
57,1186.93,xof,2,0,0.0,292.034,1
57,237.52,xof,3,0,0.0,441.1833333333334,1
57,41.42,xof,3,1,237.52,412.08857142857147,0
57,34.73,xof,3,0,0.0,365.755,1
57,170.88,xof,3,1,34.73,328.97444444444443,1
57,35.25,xof,3,0,0.0,313.165,1
57,776.46,xof,3,0,0.0,287.90000000000003,1
57,352.48,xof,4,0,0.0,328.61333333333334,1
57,62.47,xof,4,1,352.48,330.4492307692308,1
57,95.82,xof,4,0,0.0,311.3078571428572,0
57,112.1,xof,5,0,0.0,296.942,0
57,35.47,xof,5,0,0.0,285.389375,1
57,217.59,xof,5,0,0.0,270.68823529411765,1
57,36.14,xof,6,0,0.0,267.73833333333334,1
57,97.25,xof,6,1,36.14,255.54894736842107,0
57,47.7,xof,6,0,0.0,247.63400000000001,0
57,116.85,xof,7,0,0.0,238.11333333333334,0
57,91.77,xof,7,1,116.85,232.60136363636366,0
57,28.51,xof,7,0,0.0,226.47826086956525,0
57,101.53,xof,8,0,0.0,218.22958333333335,1
57,61.49,xof,9,0,0.0,213.5616,1
57,531.73,xof,9,0,0.0,207.7126923076923,1
57,98.54,xof,10,0,0.0,219.71333333333334,0
57,222.03,xof,10,0,0.0,215.3857142857143,0
57,71.8,xof,10,1,222.03,215.6148275862069,1
58,11.77,xof,0,0,0.0,,0
58,37.18,xof,1,0,0.0,11.77,0
58,19.41,xof,1,0,0.0,24.475,0
58,43.81,xof,1,0,0.0,22.786666666666665,0
58,68.77,xof,2,0,0.0,28.0425,0
58,29.22,xof,2,0,0.0,36.188,0
58,73.07,xof,3,0,0.0,35.026666666666664,0
58,50.29,xof,3,0,0.0,40.46142857142858,0
58,54.76,xof,4,0,0.0,41.69,0
58,44.98,xof,5,0,0.0,43.142222222222216,1
58,35.16,xof,6,0,0.0,43.326,0
58,35.05,xof,6,0,0.0,42.58363636363636,0
58,20.11,xof,7,0,0.0,41.95583333333333,0
58,47.51,xof,8,0,0.0,40.27538461538461,0
58,43.13,xof,8,0,0.0,40.79214285714285,0
58,34.68,xof,9,0,0.0,40.94799999999999,0
58,58.69,xof,10,0,0.0,40.55625,0
58,51.31,xof,10,0,0.0,41.62294117647058,1
58,26.11,xof,10,0,0.0,42.161111111111104,0
58,40.52,xof,11,0,0.0,41.31631578947368,0
58,18.3,xof,12,0,0.0,41.27649999999999,0
58,124.37,xof,12,0,0.0,40.182380952380946,0
58,24.34,xof,13,0,0.0,44.0090909090909,0
58,19.53,xof,13,0,0.0,43.153913043478255,0
58,55.2,xof,14,0,0.0,42.16958333333333,0
58,48.87,xof,15,0,0.0,42.690799999999996,0
58,43.87,xof,15,0,0.0,42.928461538461534,0
58,59.85,xof,16,0,0.0,42.963333333333324,0
58,75.92,xof,17,0,0.0,43.56642857142856,0
58,38.77,xof,17,0,0.0,44.68206896551723,0
59,175.92,usd,0,0,0.0,,1
59,12.09,usd,0,1,175.92,175.92,1
59,23.72,usd,1,0,0.0,94.005,0
59,18.19,usd,2,0,0.0,70.57666666666667,0
59,12.29,usd,2,1,18.19,57.48,0
59,16.42,usd,2,2,30.48,48.44199999999999,1
59,81.2,usd,2,0,0.0,43.105,1
59,28.15,usd,3,0,0.0,48.54714285714285,0
59,36.96,usd,3,0,0.0,45.9975,0
59,70.51,usd,3,0,0.0,44.99333333333333,0
59,24.43,usd,4,0,0.0,47.545,0
59,11.33,usd,5,0,0.0,45.443636363636365,0
59,25.5,usd,6,0,0.0,42.600833333333334,0
59,14.64,usd,6,1,25.5,41.285384615384615,0
59,15.15,usd,6,0,0.0,39.38214285714286,0
59,15.75,usd,7,0,0.0,37.766666666666666,0
59,17.54,usd,7,0,0.0,36.390625,1
59,20.94,usd,8,0,0.0,35.28176470588235,0
59,14.3,usd,8,1,20.94,34.485,0
59,267.91,usd,8,0,0.0,33.42263157894737,1
59,189.06,usd,9,0,0.0,45.147000000000006,0
59,6.87,usd,9,0,0.0,52.0,0
59,73.3,usd,9,1,6.87,49.94863636363636,0
59,226.65,usd,10,0,0.0,50.96391304347826,0
59,150.6,usd,10,0,0.0,58.284166666666664,0
59,17.43,usd,10,0,0.0,61.9768,1
59,115.73,usd,11,0,0.0,60.263461538461534,0
59,67.74,usd,11,1,115.73,62.31777777777778,1
59,243.53,usd,11,2,183.47,62.51142857142857,1
59,26.69,usd,11,0,0.0,68.75344827586207,0
60,32.15,eur,0,0,0.0,,0
60,188.94,eur,0,0,0.0,32.15,1
60,130.64,eur,0,1,188.94,110.545,1
60,130.08,eur,0,0,0.0,117.24333333333334,0
60,137.46,eur,0,1,130.08,120.45250000000001,0
60,10.02,eur,1,0,0.0,123.85400000000001,1
60,100.24,eur,1,0,0.0,104.88166666666667,0
60,164.14,eur,2,0,0.0,104.21857142857144,1
60,93.23,eur,2,1,164.14,111.70875000000001,0
60,15.5,eur,2,0,0.0,109.65555555555557,1
60,82.61,eur,2,1,15.5,100.24000000000001,1
60,14.73,eur,3,0,0.0,98.63727272727273,0
60,46.37,eur,3,0,0.0,91.645,1
60,246.7,eur,3,0,0.0,88.16230769230768,1
60,135.17,eur,4,0,0.0,99.48642857142856,0
60,73.34,eur,4,0,0.0,101.86533333333334,0
60,285.13,eur,5,0,0.0,100.0825,1
60,29.99,eur,5,1,285.13,110.96764705882352,1
60,15.78,eur,5,0,0.0,106.46888888888888,0
60,32.97,eur,6,0,0.0,101.6957894736842,0
60,149.58,eur,6,1,32.97,98.25949999999999,0
60,49.65,eur,7,0,0.0,100.70333333333333,0
60,39.1,eur,7,1,49.65,98.38272727272728,0
60,31.89,eur,8,0,0.0,95.80521739130435,1
60,150.28,eur,9,0,0.0,93.14208333333333,0
60,133.59,eur,9,1,150.28,95.4276,0
60,144.43,eur,10,0,0.0,96.89538461538463,1
60,61.31,eur,10,1,144.43,98.65592592592593,0
60,25.91,eur,10,0,0.0,97.32214285714285,0
60,16.77,eur,10,1,25.91,94.85965517241378,0
61,19.36,usd,0,0,0.0,,0
61,86.96,usd,0,0,0.0,19.36,0
61,13.9,usd,0,0,0.0,53.16,0
61,30.14,usd,1,0,0.0,40.07333333333333,1
61,15.87,usd,2,0,0.0,37.59,0
61,10.16,usd,2,0,0.0,33.246,0
61,32.86,usd,3,0,0.0,29.398333333333337,1
61,8.94,usd,4,0,0.0,29.892857142857142,0
61,5.59,usd,4,0,0.0,27.27375,0
61,34.19,usd,5,0,0.0,24.864444444444445,0
61,111.53,usd,5,0,0.0,25.797000000000004,0
61,9.08,usd,6,0,0.0,33.59090909090909,0
61,23.93,usd,7,0,0.0,31.548333333333332,0
61,10.87,usd,7,0,0.0,30.962307692307693,0
61,11.12,usd,7,0,0.0,29.527142857142856,0
61,58.21,usd,7,0,0.0,28.3,0
61,21.49,usd,7,0,0.0,30.169375,0
61,27.91,usd,8,0,0.0,29.658823529411762,0
61,21.87,usd,9,0,0.0,29.561666666666667,0
61,18.41,usd,9,1,21.87,29.15684210526316,0
61,11.12,usd,9,0,0.0,28.6195,0
61,20.22,usd,10,0,0.0,27.786190476190477,0
61,29.8,usd,10,0,0.0,27.442272727272726,0
61,24.55,usd,11,0,0.0,27.54478260869565,0
61,35.56,usd,11,0,0.0,27.419999999999998,0
61,13.83,usd,11,0,0.0,27.745599999999996,0
61,50.25,usd,11,0,0.0,27.210384615384612,0
61,25.1,usd,12,0,0.0,28.063703703703702,0
61,30.37,usd,12,0,0.0,27.95785714285714,0
61,13.58,usd,13,0,0.0,28.04103448275862,0
62,40.87,usd,0,0,0.0,,1
62,17.1,usd,1,0,0.0,40.87,0
62,47.51,usd,1,0,0.0,28.985,0
62,11.88,usd,2,0,0.0,35.16,0
62,37.92,usd,2,0,0.0,29.339999999999996,0
62,29.17,usd,3,0,0.0,31.055999999999994,0
62,9.28,usd,3,0,0.0,30.741666666666664,0
62,57.33,usd,3,0,0.0,27.675714285714285,0
62,20.31,usd,4,0,0.0,31.3825,0
62,18.64,usd,4,0,0.0,30.15222222222222,0
62,27.05,usd,5,0,0.0,29.000999999999998,0
62,41.14,usd,6,0,0.0,28.823636363636364,0
62,21.37,usd,6,0,0.0,29.849999999999998,0
62,19.35,usd,6,0,0.0,29.197692307692307,0
62,75.45,usd,7,0,0.0,28.494285714285716,0
62,38.07,usd,7,0,0.0,31.624666666666666,0
62,16.49,usd,7,0,0.0,32.0275,0
62,21.51,usd,8,0,0.0,31.11352941176471,0
62,35.81,usd,8,0,0.0,30.580000000000002,0
62,38.5,usd,8,0,0.0,30.855263157894736,0
62,17.24,usd,8,0,0.0,31.2375,0
62,41.53,usd,8,0,0.0,30.57095238095238,0
62,7.63,usd,9,0,0.0,31.069090909090907,0
62,77.84,usd,9,0,0.0,30.05,0
62,9.28,usd,10,0,0.0,32.04125,0
62,16.32,usd,10,0,0.0,31.1308,0
62,39.83,usd,11,0,0.0,30.561153846153847,0
62,31.13,usd,11,0,0.0,30.904444444444447,0
62,21.53,usd,11,0,0.0,30.9125,0
62,45.8,usd,11,0,0.0,30.58896551724138,0
63,13.61,usd,0,0,0.0,,0
63,22.61,usd,1,0,0.0,13.61,0
63,65.87,usd,1,0,0.0,18.11,0
63,16.91,usd,2,0,0.0,34.03,0
63,13.66,usd,2,0,0.0,29.75,0
63,10.05,usd,3,0,0.0,26.532,0
63,15.59,usd,3,0,0.0,23.785,0
63,31.09,usd,3,0,0.0,22.614285714285717,1
63,9.38,usd,3,0,0.0,23.67375,0
63,36.88,usd,3,0,0.0,22.085555555555555,0
63,21.11,usd,4,0,0.0,23.564999999999998,0
63,28.02,usd,5,0,0.0,23.34181818181818,0
63,6.84,usd,6,0,0.0,23.731666666666666,0
63,44.79,usd,6,0,0.0,22.43230769230769,0
63,18.98,usd,7,0,0.0,24.029285714285713,0
63,14.99,usd,8,0,0.0,23.692666666666664,0
63,36.9,usd,9,0,0.0,23.14875,0
63,14.07,usd,10,0,0.0,23.95764705882353,0
63,17.51,usd,10,0,0.0,23.40833333333333,0
63,8.45,usd,10,0,0.0,23.097894736842104,0
63,31.78,usd,11,0,0.0,22.365499999999997,0
63,20.11,usd,12,0,0.0,22.81380952380952,0
63,25.49,usd,12,0,0.0,22.690909090909088,0
63,18.75,usd,13,0,0.0,22.81260869565217,0
63,7.7,usd,13,0,0.0,22.643333333333334,0
63,45.62,usd,13,0,0.0,22.045600000000004,0
63,22.99,usd,14,0,0.0,22.952307692307695,0
63,5.26,usd,14,0,0.0,22.95370370370371,0
63,29.59,usd,15,0,0.0,22.321785714285717,0
63,32.12,usd,15,0,0.0,22.572413793103454,0
64,19.43,usd,0,0,0.0,,0
64,18.96,usd,1,0,0.0,19.43,0
64,32.36,usd,1,0,0.0,19.195,0
64,12.93,usd,2,0,0.0,23.583333333333332,0
64,44.61,usd,2,0,0.0,20.92,0
64,19.22,usd,3,0,0.0,25.658000000000005,0
64,42.87,usd,4,0,0.0,24.585000000000004,0
64,15.52,usd,4,0,0.0,27.19714285714286,0
64,15.49,usd,5,0,0.0,25.7375,0
64,23.5,usd,6,0,0.0,24.59888888888889,0
64,21.09,usd,6,0,0.0,24.489,0
64,14.97,usd,6,0,0.0,24.180000000000003,0
64,21.39,usd,7,0,0.0,23.412500000000005,0
64,18.24,usd,8,0,0.0,23.25692307692308,0
64,15.2,usd,9,0,0.0,22.898571428571433,0
64,32.62,usd,10,0,0.0,22.385333333333335,0
64,19.58,usd,10,0,0.0,23.025,0
64,10.96,usd,10,0,0.0,22.82235294117647,0
64,37.36,usd,10,0,0.0,22.16333333333333,1
64,39.1,usd,11,0,0.0,22.963157894736838,0
64,13.82,usd,12,0,0.0,23.77,0
64,23.89,usd,12,0,0.0,23.296190476190475,0
64,35.04,usd,13,0,0.0,23.32318181818182,0
64,33.65,usd,13,0,0.0,23.832608695652173,0
64,12.13,usd,14,0,0.0,24.241666666666664,0
64,26.88,usd,14,0,0.0,23.757199999999997,0
64,21.73,usd,14,0,0.0,23.87730769230769,0
64,37.28,usd,15,0,0.0,23.797777777777778,0
64,25.52,usd,15,0,0.0,24.279285714285713,0
64,99.86,usd,16,0,0.0,24.32206896551724,0
65,59.29,eur,0,0,0.0,,0
65,131.74,eur,1,0,0.0,59.29,0
65,41.92,eur,1,0,0.0,95.515,0
65,22.58,eur,2,0,0.0,77.64999999999999,0
65,27.71,eur,2,0,0.0,63.88249999999999,0
65,27.53,eur,3,0,0.0,56.64799999999999,0
65,19.48,eur,3,0,0.0,51.794999999999995,0
65,27.51,eur,4,0,0.0,47.17857142857143,0
65,32.33,eur,4,0,0.0,44.72,0
65,103.92,eur,5,0,0.0,43.343333333333334,0
65,68.53,eur,6,0,0.0,49.400999999999996,0
65,67.06,eur,6,0,0.0,51.13999999999999,0
65,47.94,eur,7,0,0.0,52.46666666666666,0
65,35.3,eur,7,0,0.0,52.11846153846154,0
65,59.34,eur,8,0,0.0,50.91714285714285,0
65,38.33,eur,9,0,0.0,51.47866666666666,0
65,131.26,eur,9,0,0.0,50.656875,0
65,60.49,eur,10,0,0.0,55.39823529411765,0
65,39.54,eur,11,0,0.0,55.68111111111111,0
65,16.2,eur,11,0,0.0,54.83157894736842,0
65,18.43,eur,12,0,0.0,52.9,0
65,32.23,eur,13,0,0.0,51.25857142857143,0
65,24.35,eur,14,0,0.0,50.39363636363637,0
65,43.48,eur,15,0,0.0,49.26130434782608,0
65,36.57,eur,15,0,0.0,49.02041666666667,0
65,102.52,eur,15,0,0.0,48.5224,0
65,33.13,eur,15,0,0.0,50.599230769230765,0
65,64.61,eur,16,0,0.0,49.952222222222225,0
65,91.66,eur,16,0,0.0,50.47571428571428,0
65,28.03,eur,17,0,0.0,51.89586206896552,0
66,12.29,xof,0,0,0.0,,0
66,9.58,xof,1,0,0.0,12.29,0
66,3.7,xof,1,0,0.0,10.934999999999999,0
66,8.74,xof,2,0,0.0,8.523333333333332,0
66,12.94,xof,2,0,0.0,8.577499999999999,0
66,25.38,xof,2,0,0.0,9.45,0
66,6.88,xof,3,0,0.0,12.104999999999999,0
66,4.47,xof,4,0,0.0,11.358571428571427,0
66,23.42,xof,4,0,0.0,10.4975,0
66,4.77,xof,5,0,0.0,11.933333333333334,0
66,15.46,xof,5,0,0.0,11.217,0
66,4.51,xof,6,0,0.0,11.602727272727272,0
66,7.24,xof,6,0,0.0,11.011666666666665,0
66,6.5,xof,7,0,0.0,10.721538461538461,0
66,9.33,xof,7,0,0.0,10.42,0
66,4.05,xof,8,0,0.0,10.347333333333333,0
66,8.38,xof,9,0,0.0,9.95375,0
66,8.83,xof,9,0,0.0,9.861176470588234,0
66,9.97,xof,10,0,0.0,9.803888888888888,0
66,14.57,xof,11,0,0.0,9.812631578947368,0
66,3.95,xof,12,0,0.0,10.0505,0
66,5.72,xof,12,0,0.0,9.76,0
66,19.41,xof,12,0,0.0,9.576363636363636,0
66,14.11,xof,12,0,0.0,10.00391304347826,0
66,18.29,xof,13,0,0.0,10.175,0
66,16.71,xof,13,0,0.0,10.499600000000001,0
66,21.27,xof,14,0,0.0,10.738461538461538,0
66,7.17,xof,14,0,0.0,11.128518518518517,0
66,10.53,xof,14,0,0.0,10.987142857142857,0
66,8.9,xof,15,0,0.0,10.971379310344826,0
67,47.31,usd,0,0,0.0,,0
67,13.39,usd,0,1,47.31,47.31,1
67,112.21,usd,0,2,60.7,30.35,0
67,84.98,usd,0,3,172.91,57.63666666666666,1
67,20.94,usd,0,0,0.0,64.4725,0
67,24.49,usd,1,0,0.0,55.766,0
67,14.37,usd,1,0,0.0,50.553333333333335,1
67,38.33,usd,2,0,0.0,45.38428571428572,0
67,661.77,usd,2,1,38.33,44.5025,1
67,17.97,usd,2,0,0.0,113.08777777777777,1
67,23.18,usd,2,0,0.0,103.576,0
67,30.56,usd,2,1,23.18,96.26727272727273,0
67,33.67,usd,3,0,0.0,90.79166666666667,0
67,377.61,usd,3,0,0.0,86.39769230769231,1
67,74.69,usd,3,1,377.61,107.19857142857144,0
67,46.52,usd,3,2,452.3,105.03133333333335,0
67,24.46,usd,4,0,0.0,101.37437499999999,0
67,81.6,usd,4,0,0.0,96.85,0
67,108.71,usd,4,1,81.6,96.00277777777777,0
67,19.82,usd,5,0,0.0,96.6715789473684,0
67,20.63,usd,5,1,19.82,92.82899999999998,0
67,42.8,usd,6,0,0.0,89.39095238095237,1
67,31.73,usd,6,1,42.8,87.27318181818181,0
67,23.14,usd,6,2,74.53,84.85826086956521,0
67,25.31,usd,6,3,97.67,82.28666666666668,1
67,18.3,usd,6,4,122.97999999999999,80.0076,0
67,46.77,usd,7,0,0.0,77.63423076923077,0
67,35.6,usd,7,0,0.0,76.49111111111112,0
67,146.21,usd,8,0,0.0,75.0307142857143,1
67,33.24,usd,8,0,0.0,77.48517241379311,0
68,25.47,gbp,0,0,0.0,,0
68,11.83,gbp,1,0,0.0,25.47,0
68,9.59,gbp,2,0,0.0,18.65,0
68,10.47,gbp,2,0,0.0,15.63,0
68,13.02,gbp,2,0,0.0,14.34,0
68,13.84,gbp,3,0,0.0,14.075999999999999,0
68,16.52,gbp,4,0,0.0,14.036666666666667,0
68,7.43,gbp,4,0,0.0,14.391428571428571,0
68,8.46,gbp,4,0,0.0,13.52125,0
68,5.46,gbp,5,0,0.0,12.958888888888888,0
68,8.24,gbp,5,0,0.0,12.209,0
68,24.91,gbp,5,0,0.0,11.848181818181816,0
68,21.41,gbp,5,0,0.0,12.936666666666666,0
68,42.52,gbp,6,0,0.0,13.588461538461537,0
68,8.74,gbp,6,0,0.0,15.655,0
68,18.8,gbp,6,0,0.0,15.193999999999999,0
68,11.49,gbp,7,0,0.0,15.419374999999999,0
68,5.5,gbp,8,0,0.0,15.188235294117646,0
68,11.7,gbp,9,0,0.0,14.649999999999999,0
68,30.4,gbp,9,0,0.0,14.494736842105262,0
68,6.27,gbp,10,0,0.0,15.289999999999997,0
68,5.3,gbp,10,0,0.0,14.860476190476188,0
68,26.43,gbp,10,0,0.0,14.425909090909089,0
68,15.6,gbp,10,0,0.0,14.94782608695652,0
68,9.77,gbp,11,0,0.0,14.975,0
68,9.92,gbp,11,0,0.0,14.766799999999998,0
68,8.46,gbp,12,0,0.0,14.580384615384615,0
68,28.1,gbp,12,0,0.0,14.353703703703703,0
68,9.8,gbp,13,0,0.0,14.844642857142857,0
68,26.52,gbp,13,0,0.0,14.670689655172414,0
69,14.18,xof,0,0,0.0,,0
69,26.37,xof,1,0,0.0,14.18,0
69,49.67,xof,1,0,0.0,20.275,0
69,11.58,xof,1,0,0.0,30.073333333333334,0
69,40.55,xof,2,0,0.0,25.45,1
69,9.82,xof,2,0,0.0,28.47,0
69,19.72,xof,3,0,0.0,25.361666666666665,0
69,32.64,xof,3,0,0.0,24.555714285714284,0
69,17.3,xof,4,0,0.0,25.566249999999997,0
69,48.62,xof,5,0,0.0,24.647777777777776,0
69,30.26,xof,5,0,0.0,27.044999999999998,0
69,32.39,xof,6,0,0.0,27.337272727272726,0
69,32.96,xof,7,0,0.0,27.75833333333333,0
69,31.42,xof,7,0,0.0,28.158461538461534,0
69,18.55,xof,8,0,0.0,28.39142857142857,0
69,50.44,xof,8,0,0.0,27.735333333333333,0
69,20.03,xof,9,0,0.0,29.154375,0
69,16.96,xof,10,0,0.0,28.61764705882353,0
69,56.35,xof,10,0,0.0,27.97,0
69,65.56,xof,11,0,0.0,29.463684210526313,0
69,12.98,xof,11,0,0.0,31.268499999999996,0
69,22.2,xof,12,0,0.0,30.39761904761904,0
69,41.46,xof,13,0,0.0,30.025,0
69,50.17,xof,14,0,0.0,30.522173913043478,0
69,9.64,xof,14,0,0.0,31.340833333333332,0
69,17.05,xof,15,0,0.0,30.472799999999996,0
69,27.81,xof,15,0,0.0,29.956538461538457,0
69,18.11,xof,16,0,0.0,29.87703703703703,0
69,28.21,xof,16,0,0.0,29.456785714285708,0
69,18.33,xof,16,0,0.0,29.41379310344827,0
70,22.42,ngn,0,0,0.0,,1
70,33.59,ngn,1,0,0.0,22.42,1
70,297.97,ngn,1,1,33.59,28.005000000000003,1
70,503.34,ngn,1,0,0.0,117.99333333333334,1
70,16.44,ngn,2,0,0.0,214.32999999999998,0
70,267.98,ngn,3,0,0.0,174.752,1
70,777.41,ngn,3,1,267.98,190.29,1
70,28.21,ngn,3,2,1045.3899999999999,274.1642857142857,0
70,613.22,ngn,4,0,0.0,243.42,0
70,310.98,ngn,4,1,613.22,284.50888888888886,1
70,34.04,ngn,4,2,924.2,287.156,0
70,45.37,ngn,4,3,958.24,264.1454545454545,0
70,292.05,ngn,4,0,0.0,245.91416666666666,1
70,294.92,ngn,4,0,0.0,249.46307692307693,1
70,143.86,ngn,5,0,0.0,252.71,1
70,19.37,ngn,6,0,0.0,245.45333333333335,0
70,143.68,ngn,6,0,0.0,231.323125,0
70,186.25,ngn,6,0,0.0,226.16764705882352,0
70,19.61,ngn,7,0,0.0,223.95,0
70,154.88,ngn,8,0,0.0,213.19526315789474,0
70,168.94,ngn,8,0,0.0,210.2795,1
70,387.05,ngn,8,1,168.94,208.31095238095236,1
70,36.3,ngn,8,2,555.99,216.43545454545455,1
70,67.34,ngn,8,3,592.29,208.60347826086957,0
70,31.31,ngn,9,0,0.0,202.71749999999997,1
70,35.07,ngn,10,0,0.0,195.8612,0
70,48.07,ngn,10,1,35.07,189.67692307692306,0
70,176.11,ngn,10,0,0.0,184.43222222222218,1
70,10.09,ngn,10,0,0.0,184.13499999999996,1
70,341.25,ngn,11,0,0.0,178.13344827586204,1
71,13.24,usd,0,0,0.0,,0
71,9.34,usd,1,0,0.0,13.24,0
71,63.56,usd,2,0,0.0,11.29,0
71,17.95,usd,3,0,0.0,28.713333333333335,0
71,13.78,usd,3,0,0.0,26.0225,0
71,34.38,usd,4,0,0.0,23.574,0
71,18.24,usd,5,0,0.0,25.375,0
71,24.15,usd,5,0,0.0,24.35571428571429,0
71,20.33,usd,6,0,0.0,24.330000000000002,0
71,30.04,usd,6,1,20.33,23.88555555555556,0
71,16.57,usd,7,0,0.0,24.501,0
71,33.81,usd,7,0,0.0,23.780000000000005,0
71,20.09,usd,7,0,0.0,24.615833333333338,0
71,17.53,usd,7,0,0.0,24.267692307692307,0
71,25.62,usd,8,0,0.0,23.78642857142857,0
71,30.31,usd,8,0,0.0,23.908666666666665,0
71,25.26,usd,9,0,0.0,24.308749999999996,0
71,34.85,usd,9,0,0.0,24.364705882352936,1
71,45.28,usd,10,0,0.0,24.94722222222222,0
71,30.59,usd,11,0,0.0,26.017368421052627,0
71,24.69,usd,11,0,0.0,26.246,0
71,12.95,usd,12,0,0.0,26.171904761904763,0
71,41.12,usd,12,0,0.0,25.570909090909094,0
71,42.2,usd,12,0,0.0,26.246956521739133,0
71,19.2,usd,13,0,0.0,26.911666666666665,0
71,34.14,usd,13,0,0.0,26.6032,0
71,30.78,usd,14,0,0.0,26.893076923076926,0
71,63.41,usd,14,0,0.0,27.037037037037038,0
71,87.61,usd,14,0,0.0,28.336071428571426,0
71,24.07,usd,15,0,0.0,30.38,0
72,41.26,usd,0,0,0.0,,0
72,31.75,usd,1,0,0.0,41.26,0
72,53.58,usd,2,0,0.0,36.504999999999995,0
72,59.81,usd,2,0,0.0,42.196666666666665,0
72,28.04,usd,3,0,0.0,46.599999999999994,0
72,61.21,usd,4,0,0.0,42.88799999999999,0
72,51.34,usd,5,0,0.0,45.94166666666666,0
72,23.43,usd,5,0,0.0,46.712857142857146,0
72,32.44,usd,5,0,0.0,43.802499999999995,0
72,50.22,usd,6,0,0.0,42.53999999999999,0
72,61.59,usd,6,0,0.0,43.30799999999999,0
72,30.42,usd,6,0,0.0,44.97,0
72,17.05,usd,7,0,0.0,43.75749999999999,0
72,30.19,usd,7,0,0.0,41.703076923076914,0
72,39.37,usd,8,0,0.0,40.880714285714284,0
72,20.28,usd,8,0,0.0,40.779999999999994,0
72,36.37,usd,8,0,0.0,39.49875,0
72,36.52,usd,9,0,0.0,39.31470588235294,0
72,16.38,usd,9,0,0.0,39.159444444444446,0
72,14.55,usd,10,0,0.0,37.96052631578947,0
72,42.9,usd,11,0,0.0,36.79,0
72,22.54,usd,11,0,0.0,37.080952380952375,0
72,35.68,usd,11,0,0.0,36.419999999999995,0
72,27.8,usd,12,0,0.0,36.387826086956515,0
72,25.07,usd,12,0,0.0,36.03,0
72,16.62,usd,13,0,0.0,35.5916,0
72,52.2,usd,13,0,0.0,34.86192307692308,0
72,74.08,usd,14,0,0.0,35.504074074074076,0
72,41.18,usd,15,0,0.0,36.88178571428572,0
72,60.66,usd,15,0,0.0,37.03,0
73,44.98,usd,0,0,0.0,,0
73,37.92,usd,0,0,0.0,44.98,0
73,46.96,usd,1,0,0.0,41.45,0
73,55.25,usd,1,0,0.0,43.28666666666667,0
73,97.1,usd,1,0,0.0,46.2775,0
73,33.42,usd,1,0,0.0,56.44200000000001,0
73,79.31,usd,2,0,0.0,52.60500000000001,0
73,54.05,usd,3,0,0.0,56.42000000000001,0
73,46.97,usd,3,0,0.0,56.12375,0
73,43.93,usd,4,0,0.0,55.10666666666667,0
73,56.57,usd,4,0,0.0,53.989,0
73,30.45,usd,5,0,0.0,54.223636363636366,0
73,24.43,usd,5,0,0.0,52.24250000000001,0
73,29.82,usd,6,0,0.0,50.10307692307693,0
73,60.15,usd,6,0,0.0,48.65428571428572,0
73,51.89,usd,6,0,0.0,49.42066666666667,0
73,26.39,usd,7,0,0.0,49.575,0
73,28.04,usd,8,0,0.0,48.211176470588235,0
73,22.56,usd,8,0,0.0,47.090555555555554,0
73,24.63,usd,8,0,0.0,45.799473684210525,0
73,32.94,usd,9,0,0.0,44.741,0
73,54.91,usd,9,0,0.0,44.179047619047616,0
73,36.2,usd,10,0,0.0,44.66681818181818,0
73,21.1,usd,10,0,0.0,44.29869565217391,0
73,62.77,usd,10,0,0.0,43.33208333333334,0
73,22.63,usd,11,0,0.0,44.1096,0
73,71.21,usd,12,0,0.0,43.283461538461545,0
73,99.41,usd,13,0,0.0,44.317777777777785,0
73,24.76,usd,13,0,0.0,46.28535714285715,0
73,22.64,usd,13,0,0.0,45.54310344827587,0
74,17.41,usd,0,0,0.0,,0
74,26.87,usd,1,0,0.0,17.41,1
74,65.28,usd,2,0,0.0,22.14,0
74,16.79,usd,2,0,0.0,36.52,0
74,49.76,usd,3,0,0.0,31.5875,0
74,34.89,usd,3,0,0.0,35.221999999999994,0
74,20.91,usd,3,0,0.0,35.166666666666664,0
74,35.78,usd,3,0,0.0,33.13,0
74,13.61,usd,4,0,0.0,33.46125,0
74,21.04,usd,5,0,0.0,31.255555555555556,0
74,19.52,usd,5,0,0.0,30.234,0
74,22.6,usd,5,0,0.0,29.26,0
74,12.95,usd,5,1,22.6,28.705000000000002,0
74,61.04,usd,6,0,0.0,27.493076923076924,0
74,68.68,usd,7,0,0.0,29.889285714285716,0
74,34.32,usd,7,0,0.0,32.47533333333334,0
74,25.26,usd,8,0,0.0,32.590625,0
74,29.29,usd,8,0,0.0,32.15941176470589,0
74,21.41,usd,8,0,0.0,32.0,0
74,22.69,usd,8,0,0.0,31.442631578947367,0
74,19.62,usd,9,0,0.0,31.005000000000003,0
74,63.83,usd,10,0,0.0,30.462857142857143,0
74,22.2,usd,11,0,0.0,31.97954545454546,0
74,25.96,usd,12,0,0.0,31.55434782608696,0
74,7.86,usd,12,0,0.0,31.321250000000003,0
74,42.81,usd,13,0,0.0,30.382800000000003,0
74,39.57,usd,14,0,0.0,30.860769230769236,0
74,50.15,usd,14,0,0.0,31.18333333333334,0
74,23.55,usd,15,0,0.0,31.86071428571429,0
74,55.12,usd,15,0,0.0,31.574137931034485,0
75,7.37,gbp,0,0,0.0,,0
75,13.99,gbp,0,0,0.0,7.37,0
75,25.93,gbp,1,0,0.0,10.68,0
75,18.59,gbp,1,0,0.0,15.763333333333334,0
75,4.71,gbp,1,0,0.0,16.47,0
75,8.12,gbp,1,0,0.0,14.117999999999999,0
75,6.96,gbp,2,0,0.0,13.118333333333332,0
75,11.12,gbp,2,0,0.0,12.238571428571428,0
75,13.35,gbp,3,0,0.0,12.098749999999999,0
75,17.17,gbp,3,0,0.0,12.237777777777776,0
75,19.21,gbp,4,0,0.0,12.730999999999998,0
75,8.79,gbp,4,0,0.0,13.319999999999999,0
75,8.0,gbp,5,0,0.0,12.942499999999997,0
75,11.99,gbp,6,0,0.0,12.56230769230769,0
75,14.17,gbp,6,0,0.0,12.52142857142857,0
75,12.57,gbp,7,0,0.0,12.631333333333332,0
75,6.76,gbp,7,0,0.0,12.6275,1
75,12.91,gbp,8,0,0.0,12.28235294117647,0
75,6.96,gbp,8,0,0.0,12.31722222222222,0
75,18.14,gbp,9,0,0.0,12.035263157894736,0
75,13.75,gbp,9,0,0.0,12.3405,0
75,6.5,gbp,10,0,0.0,12.407619047619047,0
75,11.89,gbp,10,0,0.0,12.139090909090909,0
75,3.41,gbp,11,0,0.0,12.128260869565217,0
75,8.64,gbp,12,0,0.0,11.765,0
75,5.68,gbp,12,0,0.0,11.64,0
75,9.35,gbp,13,0,0.0,11.410769230769231,0
75,15.17,gbp,14,0,0.0,11.334444444444445,0
75,15.06,gbp,14,0,0.0,11.471428571428573,0
75,17.43,gbp,15,0,0.0,11.595172413793104,0
76,95.66,usd,0,0,0.0,,0
76,15.57,usd,1,0,0.0,95.66,0
76,32.01,usd,1,0,0.0,55.614999999999995,0
76,37.58,usd,2,0,0.0,47.74666666666666,0
76,43.99,usd,2,0,0.0,45.205,0
76,86.69,usd,3,0,0.0,44.962,0
76,14.44,usd,3,1,86.69,51.916666666666664,0
76,21.4,usd,4,0,0.0,46.56285714285714,1
76,96.87,usd,5,0,0.0,43.417500000000004,0
76,45.26,usd,6,0,0.0,49.35666666666667,0
76,78.51,usd,6,0,0.0,48.947,0
76,20.94,usd,7,0,0.0,51.63454545454545,0
76,70.7,usd,7,0,0.0,49.076666666666675,0
76,51.2,usd,8,0,0.0,50.74000000000001,0
76,33.89,usd,8,0,0.0,50.772857142857156,0
76,27.86,usd,9,0,0.0,49.64733333333334,0
76,34.87,usd,9,0,0.0,48.285624999999996,0
76,49.28,usd,10,0,0.0,47.49647058823529,0
76,55.02,usd,10,0,0.0,47.59555555555555,0
76,41.82,usd,11,0,0.0,47.98631578947368,0
76,41.94,usd,12,0,0.0,47.678,0
76,27.0,usd,13,0,0.0,47.404761904761905,0
76,51.86,usd,13,0,0.0,46.47727272727273,0
76,74.19,usd,14,0,0.0,46.71130434782608,0
76,45.21,usd,14,0,0.0,47.856249999999996,0
76,18.53,usd,14,0,0.0,47.7504,0
76,31.57,usd,15,0,0.0,46.62653846153846,0
76,54.01,usd,15,0,0.0,46.068888888888885,0
76,43.47,usd,16,0,0.0,46.3525,0
76,57.73,usd,16,0,0.0,46.25310344827586,0
77,34.46,usd,0,0,0.0,,0
77,21.59,usd,0,0,0.0,34.46,0
77,64.16,usd,1,0,0.0,28.025,0
77,12.85,usd,1,0,0.0,40.07,0
77,34.08,usd,1,0,0.0,33.265,0
77,14.17,usd,2,0,0.0,33.428,0
77,22.29,usd,2,0,0.0,30.21833333333333,0
77,13.54,usd,3,0,0.0,29.085714285714282,0
77,24.27,usd,4,0,0.0,27.1425,0
77,31.18,usd,4,0,0.0,26.823333333333334,0
77,37.98,usd,4,0,0.0,27.258999999999997,0
77,24.33,usd,5,0,0.0,28.233636363636364,0
77,33.04,usd,6,0,0.0,27.90833333333333,0
77,18.14,usd,7,0,0.0,28.303076923076922,0
77,13.1,usd,8,0,0.0,27.577142857142857,0
77,51.16,usd,9,0,0.0,26.612000000000002,0
77,37.44,usd,9,0,0.0,28.14625,0
77,26.98,usd,10,0,0.0,28.692941176470587,0
77,26.87,usd,10,0,0.0,28.59777777777778,0
77,46.75,usd,11,0,0.0,28.506842105263157,0
77,11.12,usd,11,0,0.0,29.419,0
77,38.86,usd,12,0,0.0,28.547619047619047,0
77,72.98,usd,12,0,0.0,29.016363636363636,0
77,28.83,usd,13,0,0.0,30.92782608695652,0
77,14.18,usd,13,0,0.0,30.84041666666667,0
77,22.29,usd,14,0,0.0,30.174,0
77,12.95,usd,15,0,0.0,29.87076923076923,0
77,20.72,usd,15,0,0.0,29.244074074074074,0
77,15.17,usd,16,0,0.0,28.93964285714286,0
77,26.08,usd,17,0,0.0,28.464827586206898,0
78,25.62,ngn,0,0,0.0,,0
78,26.23,ngn,1,0,0.0,25.62,0
78,12.15,ngn,1,0,0.0,25.925,0
78,13.23,ngn,2,0,0.0,21.333333333333332,0
78,12.01,ngn,2,0,0.0,19.3075,0
78,5.25,ngn,3,0,0.0,17.848000000000003,0
78,21.33,ngn,3,0,0.0,15.748333333333335,0
78,18.38,ngn,4,0,0.0,16.545714285714286,0
78,11.06,ngn,5,0,0.0,16.775,0
78,8.74,ngn,6,0,0.0,16.14,0
78,4.39,ngn,6,0,0.0,15.4,0
78,5.15,ngn,6,0,0.0,14.399090909090908,0
78,13.07,ngn,7,0,0.0,13.628333333333332,0
78,10.03,ngn,7,0,0.0,13.585384615384614,0
78,13.42,ngn,7,0,0.0,13.331428571428571,0
78,20.71,ngn,7,0,0.0,13.337333333333332,0
78,10.06,ngn,8,0,0.0,13.798125,0
78,9.33,ngn,8,0,0.0,13.578235294117647,0
78,14.66,ngn,9,0,0.0,13.342222222222224,0
78,9.75,ngn,9,0,0.0,13.411578947368422,0
78,66.13,ngn,10,0,0.0,13.228500000000002,0
78,9.65,ngn,10,0,0.0,15.74761904761905,0
78,11.43,ngn,11,0,0.0,15.470454545454546,1
78,5.2,ngn,11,0,0.0,15.294782608695654,0
78,14.91,ngn,11,0,0.0,14.874166666666667,0
78,8.9,ngn,12,0,0.0,14.875600000000002,0
78,7.47,ngn,12,0,0.0,14.64576923076923,0
78,21.21,ngn,12,0,0.0,14.380000000000003,0
78,10.31,ngn,12,0,0.0,14.623928571428573,0
78,11.8,ngn,13,0,0.0,14.475172413793105,0
79,51.99,usd,0,0,0.0,,0
79,13.74,usd,1,0,0.0,51.99,0
79,45.24,usd,2,0,0.0,32.865,0
79,12.11,usd,3,0,0.0,36.99,0
79,20.49,usd,4,0,0.0,30.77,0
79,23.53,usd,5,0,0.0,28.714,0
79,18.4,usd,5,0,0.0,27.849999999999998,0
79,45.5,usd,6,0,0.0,26.5,0
79,18.66,usd,7,0,0.0,28.875,0
79,13.3,usd,8,0,0.0,27.74,0
79,37.04,usd,8,0,0.0,26.296,0
79,28.61,usd,8,1,37.04,27.272727272727273,0
79,7.77,usd,8,0,0.0,27.38416666666667,0
79,19.29,usd,9,0,0.0,25.875384615384615,0
79,11.29,usd,9,0,0.0,25.405,0
79,23.71,usd,9,0,0.0,24.464000000000002,0
79,25.24,usd,10,0,0.0,24.416875,0
79,24.16,usd,10,0,0.0,24.465294117647062,0
79,23.09,usd,11,0,0.0,24.448333333333338,0
79,27.45,usd,11,0,0.0,24.376842105263158,0
79,28.5,usd,12,0,0.0,24.5305,0
79,20.97,usd,12,0,0.0,24.71952380952381,0
79,19.15,usd,12,0,0.0,24.54909090909091,0
79,12.41,usd,13,0,0.0,24.31434782608696,0
79,20.92,usd,13,0,0.0,23.81833333333333,0
79,19.65,usd,14,0,0.0,23.702399999999997,0
79,12.37,usd,14,0,0.0,23.546538461538457,0
79,29.12,usd,15,0,0.0,23.13259259259259,0
79,17.2,usd,16,0,0.0,23.346428571428568,0
79,17.63,usd,17,0,0.0,23.13448275862069,0
80,8.08,eur,0,0,0.0,,0
80,16.77,eur,1,0,0.0,8.08,0
80,6.36,eur,1,0,0.0,12.425,0
80,6.74,eur,2,0,0.0,10.403333333333334,0
80,15.28,eur,2,0,0.0,9.4875,0
80,7.77,eur,3,0,0.0,10.646,0
80,3.2,eur,4,0,0.0,10.166666666666666,0
80,15.99,eur,5,0,0.0,9.171428571428573,0
80,20.83,eur,5,1,15.99,10.02375,0
80,7.44,eur,5,0,0.0,11.224444444444444,0
80,11.51,eur,6,0,0.0,10.846,0
80,35.62,eur,6,0,0.0,10.906363636363636,0
80,16.69,eur,6,0,0.0,12.965833333333334,0
80,6.57,eur,7,0,0.0,13.252307692307692,0
80,11.3,eur,7,0,0.0,12.775,1
80,11.51,eur,8,0,0.0,12.676666666666668,0
80,20.82,eur,8,0,0.0,12.60375,0
80,5.99,eur,9,0,0.0,13.08705882352941,0
80,23.59,eur,10,0,0.0,12.692777777777778,0
80,10.42,eur,11,0,0.0,13.266315789473685,0
80,12.74,eur,11,0,0.0,13.124,0
80,7.3,eur,12,0,0.0,13.105714285714287,0
80,10.57,eur,12,0,0.0,12.841818181818184,0
80,11.65,eur,13,0,0.0,12.743043478260871,0
80,12.29,eur,14,0,0.0,12.6975,0
80,12.51,eur,14,0,0.0,12.6812,0
80,18.07,eur,14,0,0.0,12.674615384615386,0
80,8.43,eur,15,0,0.0,12.874444444444444,0
80,19.38,eur,16,0,0.0,12.715714285714286,1
80,7.11,eur,16,0,0.0,12.94551724137931,0
81,9.05,ngn,0,0,0.0,,0
81,5.47,ngn,0,0,0.0,9.05,0
81,4.59,ngn,1,0,0.0,7.26,0
81,5.96,ngn,1,0,0.0,6.37,0
81,10.13,ngn,1,0,0.0,6.2675,1
81,4.58,ngn,2,0,0.0,7.040000000000001,0
81,3.28,ngn,2,0,0.0,6.63,0
81,8.94,ngn,2,0,0.0,6.151428571428572,1
81,2.85,ngn,3,0,0.0,6.5,0
81,4.74,ngn,3,0,0.0,6.094444444444445,0
81,20.64,ngn,4,0,0.0,5.9590000000000005,0
81,4.38,ngn,5,0,0.0,7.293636363636364,0
81,2.98,ngn,6,0,0.0,7.050833333333333,0
81,2.5,ngn,6,0,0.0,6.737692307692308,0
81,2.93,ngn,7,0,0.0,6.4350000000000005,0
81,11.44,ngn,8,0,0.0,6.201333333333334,0
81,7.88,ngn,9,0,0.0,6.5287500000000005,0
81,6.34,ngn,9,0,0.0,6.608235294117647,0
81,7.33,ngn,10,0,0.0,6.593333333333334,0
81,8.95,ngn,10,0,0.0,6.632105263157895,0
81,12.57,ngn,11,0,0.0,6.748,0
81,6.56,ngn,11,0,0.0,7.0252380952380955,0
81,2.88,ngn,12,0,0.0,7.004090909090909,0
81,9.3,ngn,12,0,0.0,6.824782608695652,0
81,3.07,ngn,13,0,0.0,6.927916666666667,0
81,13.54,ngn,13,0,0.0,6.7736,0
81,9.07,ngn,14,0,0.0,7.033846153846154,0
81,6.89,ngn,14,0,0.0,7.109259259259259,0
81,9.22,ngn,15,0,0.0,7.1014285714285705,0
81,15.76,ngn,15,0,0.0,7.174482758620689,0
82,29.81,usd,0,0,0.0,,0
82,31.96,usd,1,0,0.0,29.81,0
82,28.4,usd,2,0,0.0,30.884999999999998,1
82,21.53,usd,2,0,0.0,30.05666666666666,0
82,14.68,usd,3,0,0.0,27.924999999999997,0
82,82.4,usd,3,0,0.0,25.276,0
82,33.63,usd,4,0,0.0,34.79666666666667,0
82,26.4,usd,5,0,0.0,34.63,0
82,32.73,usd,5,0,0.0,33.60125,0
82,19.97,usd,5,0,0.0,33.504444444444445,0
82,36.37,usd,6,0,0.0,32.150999999999996,0
82,16.09,usd,6,0,0.0,32.53454545454545,0
82,39.86,usd,7,0,0.0,31.164166666666663,0
82,20.18,usd,7,0,0.0,31.833076923076923,0
82,43.14,usd,8,0,0.0,31.000714285714285,0
82,40.39,usd,8,0,0.0,31.81,0
82,33.07,usd,9,0,0.0,32.34625,0
82,34.58,usd,10,0,0.0,32.388823529411766,0
82,45.27,usd,11,0,0.0,32.510555555555555,0
82,14.87,usd,12,0,0.0,33.182105263157894,0
82,23.44,usd,12,0,0.0,32.2665,0
82,10.56,usd,12,0,0.0,31.84619047619048,0
82,6.98,usd,13,0,0.0,30.878636363636364,0
82,49.05,usd,14,0,0.0,29.839565217391307,0
82,33.08,usd,14,0,0.0,30.64,0
82,31.48,usd,15,0,0.0,30.7376,0
82,63.57,usd,16,0,0.0,30.76615384615385,0
82,18.44,usd,16,0,0.0,31.981111111111115,0
82,35.01,usd,16,0,0.0,31.497500000000006,0
82,17.26,usd,17,0,0.0,31.618620689655177,0
83,37.11,usd,0,0,0.0,,0
83,47.97,usd,1,0,0.0,37.11,0
83,100.83,usd,1,0,0.0,42.54,0
83,45.15,usd,2,0,0.0,61.97,0
83,67.12,usd,3,0,0.0,57.765,0
83,100.68,usd,3,0,0.0,59.636,0
83,135.96,usd,4,0,0.0,66.47666666666667,0
83,104.07,usd,5,0,0.0,76.40285714285714,0
83,38.7,usd,5,0,0.0,79.86125000000001,0
83,56.69,usd,5,0,0.0,75.28777777777779,1
83,138.16,usd,6,0,0.0,73.42800000000003,0
83,144.53,usd,6,0,0.0,79.31272727272729,0
83,105.75,usd,6,0,0.0,84.74750000000002,0
83,49.04,usd,6,0,0.0,86.36307692307695,0
83,57.22,usd,7,0,0.0,83.69714285714288,0
83,58.6,usd,7,0,0.0,81.93200000000002,0
83,37.66,usd,8,0,0.0,80.47375,0
83,117.46,usd,8,0,0.0,77.95529411764706,0
83,146.23,usd,9,0,0.0,80.15,0
83,143.32,usd,9,0,0.0,83.62789473684211,0
83,49.23,usd,10,0,0.0,86.6125,0
83,45.79,usd,10,0,0.0,84.83238095238096,0
83,43.82,usd,11,0,0.0,83.05772727272728,0
83,157.56,usd,11,0,0.0,81.35173913043478,0
83,94.01,usd,12,0,0.0,84.52708333333334,0
83,69.68,usd,12,0,0.0,84.90640000000002,0
83,92.46,usd,13,0,0.0,84.32076923076923,0
83,67.79,usd,13,0,0.0,84.62222222222223,0
83,88.21,usd,14,0,0.0,84.02107142857143,0
83,30.98,usd,14,0,0.0,84.16551724137932,0
84,9.61,gbp,0,0,0.0,,0
84,29.37,gbp,1,0,0.0,9.61,0
84,8.67,gbp,1,0,0.0,19.490000000000002,0
84,11.96,gbp,2,0,0.0,15.883333333333335,0
84,21.84,gbp,3,0,0.0,14.902500000000002,0
84,15.82,gbp,3,0,0.0,16.29,0
84,19.25,gbp,4,0,0.0,16.21166666666667,0
84,22.51,gbp,4,0,0.0,16.645714285714288,0
84,41.28,gbp,5,0,0.0,17.37875,0
84,18.94,gbp,6,0,0.0,20.034444444444446,0
84,22.69,gbp,6,0,0.0,19.925,0
84,12.5,gbp,7,0,0.0,20.176363636363636,0
84,10.22,gbp,8,0,0.0,19.536666666666665,0
84,7.32,gbp,8,0,0.0,18.82,0
84,32.5,gbp,9,0,0.0,17.998571428571427,0
84,17.8,gbp,10,0,0.0,18.965333333333334,0
84,17.14,gbp,10,0,0.0,18.8925,0
84,10.37,gbp,10,0,0.0,18.78941176470588,0
84,9.89,gbp,11,0,0.0,18.321666666666665,0
84,22.28,gbp,12,0,0.0,17.8778947368421,0
84,10.91,gbp,12,0,0.0,18.097999999999995,0
84,13.89,gbp,13,0,0.0,17.755714285714284,0
84,12.24,gbp,14,0,0.0,17.58,1
84,16.32,gbp,14,0,0.0,17.34782608695652,0
84,15.79,gbp,15,0,0.0,17.305000000000003,0
84,19.25,gbp,15,0,0.0,17.244400000000002,0
84,9.51,gbp,16,0,0.0,17.321538461538463,0
84,35.77,gbp,16,0,0.0,17.032222222222224,0
84,19.17,gbp,17,0,0.0,17.701428571428572,0
84,9.71,gbp,18,0,0.0,17.752068965517243,0
85,9.03,ngn,0,0,0.0,,0
85,12.71,ngn,1,0,0.0,9.03,0
85,12.95,ngn,2,0,0.0,10.870000000000001,0
85,13.34,ngn,2,0,0.0,11.563333333333333,0
85,11.97,ngn,3,0,0.0,12.0075,0
85,6.52,ngn,3,0,0.0,12.0,0
85,14.95,ngn,4,0,0.0,11.086666666666666,0
85,15.98,ngn,4,0,0.0,11.638571428571428,0
85,7.16,ngn,4,0,0.0,12.18125,1
85,14.41,ngn,4,0,0.0,11.623333333333333,0
85,9.75,ngn,5,0,0.0,11.902,0
85,17.9,ngn,5,0,0.0,11.706363636363635,0
85,8.49,ngn,5,0,0.0,12.222499999999998,0
85,25.72,ngn,6,0,0.0,11.935384615384615,0
85,15.92,ngn,6,0,0.0,12.92,0
85,10.29,ngn,6,1,15.92,13.12,0
85,20.5,ngn,7,0,0.0,12.943125,0
85,13.76,ngn,7,0,0.0,13.38764705882353,0
85,5.8,ngn,8,0,0.0,13.408333333333333,0
85,11.81,ngn,8,0,0.0,13.007894736842106,0
85,18.69,ngn,9,0,0.0,12.947999999999999,0
85,14.76,ngn,9,0,0.0,13.22142857142857,0
85,32.21,ngn,10,0,0.0,13.291363636363634,0
85,10.94,ngn,10,0,0.0,14.11391304347826,0
85,8.86,ngn,11,0,0.0,13.981666666666667,0
85,10.54,ngn,11,0,0.0,13.776800000000001,1
85,18.11,ngn,11,0,0.0,13.652307692307694,0
85,36.0,ngn,11,0,0.0,13.817407407407408,0
85,11.27,ngn,12,0,0.0,14.609642857142859,0
85,5.41,ngn,12,1,11.27,14.494482758620691,0
86,7.88,ngn,0,0,0.0,,0
86,22.61,ngn,1,0,0.0,7.88,0
86,22.07,ngn,1,0,0.0,15.245,0
86,10.39,ngn,2,0,0.0,17.52,0
86,46.1,ngn,3,0,0.0,15.7375,0
86,55.52,ngn,4,0,0.0,21.810000000000002,0
86,16.87,ngn,4,0,0.0,27.428333333333338,0
86,22.06,ngn,5,0,0.0,25.920000000000005,0
86,15.06,ngn,6,0,0.0,25.4375,0
86,24.55,ngn,7,0,0.0,24.284444444444446,1
86,39.13,ngn,7,0,0.0,24.311,0
86,8.0,ngn,8,0,0.0,25.65818181818182,0
86,51.24,ngn,8,1,8.0,24.186666666666667,0
86,40.58,ngn,8,0,0.0,26.267692307692307,0
86,23.12,ngn,8,0,0.0,27.29,1
86,24.51,ngn,9,0,0.0,27.012,0
86,13.53,ngn,10,0,0.0,26.855625,0
86,24.95,ngn,10,0,0.0,26.07176470588235,0
86,25.13,ngn,11,0,0.0,26.00944444444444,0
86,15.42,ngn,11,0,0.0,25.963157894736838,0
86,21.08,ngn,12,0,0.0,25.436,0
86,28.41,ngn,12,0,0.0,25.228571428571428,0
86,32.44,ngn,12,0,0.0,25.373181818181816,0
86,27.66,ngn,13,0,0.0,25.68043478260869,0
86,27.18,ngn,14,0,0.0,25.76291666666667,0
86,17.92,ngn,14,0,0.0,25.8196,0
86,22.62,ngn,14,0,0.0,25.51576923076923,0
86,35.56,ngn,14,0,0.0,25.408518518518516,0
86,20.05,ngn,15,0,0.0,25.771071428571425,0
86,35.72,ngn,15,0,0.0,25.57379310344827,0
87,13.37,xof,0,0,0.0,,0
87,6.58,xof,0,0,0.0,13.37,0
87,6.99,xof,0,0,0.0,9.975,0
87,13.07,xof,0,0,0.0,8.979999999999999,0
87,23.02,xof,1,0,0.0,10.0025,0
87,31.29,xof,2,0,0.0,12.606,0
87,6.85,xof,2,0,0.0,15.719999999999999,0
87,13.51,xof,3,0,0.0,14.452857142857141,0
87,6.56,xof,3,0,0.0,14.335,0
87,12.32,xof,4,0,0.0,13.471111111111112,0
87,16.38,xof,5,0,0.0,13.356,0
87,6.39,xof,6,0,0.0,13.63090909090909,0
87,14.03,xof,7,0,0.0,13.027499999999998,0
87,24.28,xof,7,0,0.0,13.104615384615384,0
87,12.68,xof,8,0,0.0,13.902857142857142,0
87,11.63,xof,8,0,0.0,13.821333333333333,0
87,12.62,xof,8,0,0.0,13.684375000000001,0
87,21.7,xof,9,0,0.0,13.621764705882354,1
87,8.2,xof,9,0,0.0,14.070555555555556,0
87,31.99,xof,9,0,0.0,13.761578947368422,0
87,9.32,xof,9,0,0.0,14.673000000000002,0
87,31.28,xof,9,0,0.0,14.418095238095239,0
87,11.66,xof,10,0,0.0,15.184545454545457,1
87,5.55,xof,10,0,0.0,15.03130434782609,0
87,9.9,xof,10,0,0.0,14.636249999999999,0
87,9.77,xof,10,1,9.9,14.446799999999998,0
87,9.76,xof,10,0,0.0,14.266923076923074,1
87,4.42,xof,11,0,0.0,14.099999999999998,0
87,12.02,xof,12,0,0.0,13.754285714285713,0
87,7.24,xof,13,0,0.0,13.694482758620687,0
88,239.5,usd,0,0,0.0,,0
88,95.97,usd,0,0,0.0,239.5,0
88,76.54,usd,1,0,0.0,167.735,1
88,81.75,usd,2,0,0.0,137.33666666666667,0
88,80.87,usd,2,0,0.0,123.44000000000001,0
88,60.98,usd,3,0,0.0,114.92600000000002,0
88,47.25,usd,4,0,0.0,105.93500000000002,0
88,72.89,usd,5,0,0.0,97.55142857142859,0
88,78.57,usd,5,0,0.0,94.46875,0
88,136.97,usd,5,0,0.0,92.70222222222222,0
88,109.77,usd,5,0,0.0,97.12899999999999,0
88,115.08,usd,6,0,0.0,98.2781818181818,0
88,77.25,usd,6,0,0.0,99.67833333333333,0
88,73.92,usd,7,0,0.0,97.9530769230769,0
88,48.56,usd,8,0,0.0,96.23642857142856,0
88,25.97,usd,9,0,0.0,93.05799999999999,0
88,85.66,usd,9,0,0.0,88.865,0
88,157.69,usd,10,0,0.0,88.67647058823529,0
88,80.65,usd,10,0,0.0,92.51055555555556,0
88,65.64,usd,11,0,0.0,91.8863157894737,0
88,48.58,usd,11,0,0.0,90.57400000000001,0
88,47.67,usd,12,0,0.0,88.57428571428572,0
88,62.77,usd,12,0,0.0,86.71500000000002,0
88,70.25,usd,12,0,0.0,85.67391304347827,0
88,60.26,usd,13,0,0.0,85.03125,0
88,52.61,usd,14,0,0.0,84.0404,0
88,40.02,usd,15,0,0.0,82.83153846153847,0
88,58.45,usd,16,0,0.0,81.24592592592593,0
88,54.01,usd,17,0,0.0,80.43178571428572,0
88,72.87,usd,18,0,0.0,79.52068965517243,0
89,1.2,eur,0,0,0.0,,0
89,1.09,eur,1,0,0.0,1.2,0
89,1.75,eur,1,0,0.0,1.145,0
89,1.09,eur,2,0,0.0,1.3466666666666667,0
89,2.52,eur,3,0,0.0,1.2825,0
89,0.86,eur,3,0,0.0,1.53,0
89,1.66,eur,3,0,0.0,1.4183333333333332,0
89,1.85,eur,4,0,0.0,1.4528571428571428,0
89,0.48,eur,5,0,0.0,1.5025,0
89,1.12,eur,5,0,0.0,1.3888888888888888,0
89,1.04,eur,6,0,0.0,1.362,0
89,1.21,eur,7,0,0.0,1.3327272727272728,0
89,1.28,eur,7,0,0.0,1.3225,0
89,1.64,eur,7,0,0.0,1.3192307692307694,0
89,1.38,eur,7,0,0.0,1.3421428571428573,0
89,1.61,eur,8,0,0.0,1.3446666666666667,0
89,1.06,eur,8,0,0.0,1.36125,0
89,1.21,eur,8,0,0.0,1.3435294117647059,0
89,0.62,eur,9,0,0.0,1.3361111111111112,0
89,1.12,eur,10,0,0.0,1.2984210526315791,0
89,1.65,eur,10,0,0.0,1.2895,0
89,1.33,eur,11,0,0.0,1.3066666666666666,0
89,2.4,eur,11,0,0.0,1.3077272727272728,0
89,1.34,eur,12,0,0.0,1.355217391304348,0
89,0.99,eur,12,0,0.0,1.3545833333333333,0
89,1.03,eur,12,0,0.0,1.34,0
89,1.79,eur,13,0,0.0,1.3280769230769232,0
89,1.01,eur,13,0,0.0,1.3451851851851853,0
89,0.6,eur,14,0,0.0,1.3332142857142857,0
89,2.18,eur,14,0,0.0,1.3079310344827586,0
90,12.94,gbp,0,0,0.0,,0
90,30.44,gbp,0,0,0.0,12.94,1
90,31.35,gbp,0,0,0.0,21.69,0
90,34.09,gbp,1,0,0.0,24.91,0
90,53.09,gbp,2,0,0.0,27.205000000000002,0
90,27.26,gbp,2,0,0.0,32.382000000000005,0
90,12.13,gbp,3,0,0.0,31.528333333333336,1
90,23.58,gbp,3,0,0.0,28.75714285714286,0
90,19.45,gbp,3,0,0.0,28.11,0
90,10.95,gbp,4,0,0.0,27.147777777777776,0
90,12.79,gbp,5,0,0.0,25.528,0
90,16.97,gbp,5,0,0.0,24.37,0
90,11.44,gbp,6,0,0.0,23.75333333333333,0
90,20.31,gbp,7,0,0.0,22.806153846153844,1
90,6.79,gbp,7,0,0.0,22.627857142857142,0
90,11.92,gbp,8,0,0.0,21.572,0
90,17.37,gbp,8,0,0.0,20.96875,0
90,11.97,gbp,9,0,0.0,20.757058823529412,0
90,29.16,gbp,10,0,0.0,20.268888888888892,0
90,19.38,gbp,10,0,0.0,20.73684210526316,0
90,13.12,gbp,11,0,0.0,20.669000000000004,0
90,27.3,gbp,11,0,0.0,20.309523809523814,0
90,7.3,gbp,12,0,0.0,20.62727272727273,0
90,9.5,gbp,12,0,0.0,20.047826086956526,0
90,16.36,gbp,13,0,0.0,19.608333333333334,0
90,4.36,gbp,13,0,0.0,19.4784,0
90,38.37,gbp,14,0,0.0,18.89692307692308,0
90,14.19,gbp,15,0,0.0,19.61814814814815,0
90,28.04,gbp,15,0,0.0,19.42428571428572,0
90,33.7,gbp,15,0,0.0,19.72137931034483,0
91,42.47,eur,0,0,0.0,,0
91,24.28,eur,0,0,0.0,42.47,0
91,19.9,eur,1,0,0.0,33.375,0
91,36.92,eur,2,0,0.0,28.883333333333336,0
91,35.74,eur,3,0,0.0,30.892500000000002,0
91,23.12,eur,4,0,0.0,31.862000000000002,0
91,26.55,eur,5,0,0.0,30.405,0
91,35.71,eur,5,0,0.0,29.854285714285716,0
91,42.35,eur,6,0,0.0,30.58625,0
91,41.06,eur,7,0,0.0,31.893333333333334,0
91,12.53,eur,7,0,0.0,32.81,0
91,59.2,eur,7,0,0.0,30.966363636363635,0
91,30.94,eur,7,0,0.0,33.31916666666667,0
91,37.65,eur,8,0,0.0,33.136153846153846,0
91,21.71,eur,9,0,0.0,33.458571428571425,0
91,50.24,eur,10,0,0.0,32.67533333333333,0
91,35.19,eur,11,0,0.0,33.77312500000001,0
91,36.48,eur,11,0,0.0,33.856470588235304,0
91,76.12,eur,12,0,0.0,34.00222222222223,0
91,46.37,eur,13,0,0.0,36.21894736842106,0
91,62.14,eur,13,0,0.0,36.72650000000001,0
91,16.32,eur,14,0,0.0,37.936666666666675,0
91,58.21,eur,14,0,0.0,36.95409090909092,0
91,22.4,eur,14,0,0.0,37.87826086956523,0
91,11.32,eur,14,0,0.0,37.233333333333334,0
91,17.27,eur,14,0,0.0,36.1968,0
91,22.92,eur,15,0,0.0,35.46884615384616,0
91,27.93,eur,16,0,0.0,35.004074074074076,0
91,37.04,eur,16,0,0.0,34.75142857142857,0
91,22.0,eur,16,0,0.0,34.8303448275862,0
92,24.85,usd,0,0,0.0,,0
92,27.18,usd,0,0,0.0,24.85,0
92,11.31,usd,1,0,0.0,26.015,0
92,8.53,usd,1,0,0.0,21.113333333333333,0
92,19.15,usd,2,0,0.0,17.9675,0
92,13.57,usd,3,0,0.0,18.204,0
92,8.03,usd,4,0,0.0,17.43166666666667,0
92,29.61,usd,5,0,0.0,16.08857142857143,0
92,22.79,usd,5,0,0.0,17.778750000000002,0
92,23.1,usd,5,0,0.0,18.33555555555556,0
92,20.36,usd,6,0,0.0,18.812,0
92,17.4,usd,6,0,0.0,18.952727272727273,0
92,12.33,usd,7,0,0.0,18.823333333333334,0
92,10.6,usd,7,0,0.0,18.323846153846155,0
92,29.5,usd,8,0,0.0,17.77214285714286,0
92,34.19,usd,8,0,0.0,18.554000000000006,0
92,16.8,usd,8,0,0.0,19.53125,0
92,11.27,usd,9,0,0.0,19.370588235294118,0
92,14.49,usd,9,0,0.0,18.920555555555556,0
92,33.33,usd,9,0,0.0,18.687368421052632,0
92,26.81,usd,10,0,0.0,19.4195,0
92,6.2,usd,10,0,0.0,19.771428571428572,0
92,9.16,usd,11,0,0.0,19.154545454545453,0
92,16.71,usd,11,0,0.0,18.72,0
92,28.77,usd,11,0,0.0,18.63625,0
92,20.84,usd,11,0,0.0,19.0416,0
92,8.95,usd,12,0,0.0,19.11076923076923,0
92,9.96,usd,13,0,0.0,18.734444444444442,0
92,19.32,usd,13,0,0.0,18.421071428571427,0
92,21.93,usd,14,0,0.0,18.452068965517242,0
93,45.04,eur,0,0,0.0,,0
93,14.4,eur,1,0,0.0,45.04,0
93,6.09,eur,1,0,0.0,29.72,1
93,23.79,eur,2,0,0.0,21.843333333333334,0
93,10.64,eur,2,0,0.0,22.33,0
93,24.96,eur,3,0,0.0,19.991999999999997,0
93,13.37,eur,3,1,24.96,20.819999999999997,0
93,30.2,eur,4,0,0.0,19.755714285714284,0
93,10.21,eur,4,0,0.0,21.06125,0
93,19.69,eur,5,0,0.0,19.855555555555558,0
93,21.45,eur,6,0,0.0,19.839000000000002,0
93,17.32,eur,7,0,0.0,19.985454545454544,0
93,26.01,eur,7,0,0.0,19.763333333333332,0
93,42.15,eur,7,0,0.0,20.243846153846157,0
93,16.51,eur,8,0,0.0,21.80857142857143,0
93,24.3,eur,9,0,0.0,21.455333333333332,0
93,42.71,eur,9,0,0.0,21.633125,0
93,11.56,eur,10,0,0.0,22.872941176470587,0
93,17.88,eur,10,0,0.0,22.244444444444444,0
93,13.32,eur,11,0,0.0,22.01473684210526,0
93,21.6,eur,12,0,0.0,21.58,0
93,29.24,eur,13,0,0.0,21.58095238095238,0
93,20.15,eur,14,0,0.0,21.92909090909091,0
93,29.72,eur,14,0,0.0,21.851739130434783,0
93,16.41,eur,15,0,0.0,22.179583333333337,0
93,37.03,eur,16,0,0.0,21.948800000000002,0
93,40.09,eur,16,0,0.0,22.528846153846153,0
93,37.27,eur,17,0,0.0,23.17925925925926,0
93,15.06,eur,18,0,0.0,23.6825,0
93,30.32,eur,18,0,0.0,23.385172413793104,0
94,11.13,usd,0,0,0.0,,0
94,12.43,usd,0,0,0.0,11.13,0
94,11.69,usd,0,0,0.0,11.780000000000001,0
94,10.6,usd,0,0,0.0,11.75,0
94,7.79,usd,0,0,0.0,11.4625,1
94,5.83,usd,1,0,0.0,10.728,0
94,12.47,usd,1,0,0.0,9.911666666666667,0
94,13.9,usd,2,0,0.0,10.277142857142858,0
94,9.74,usd,2,0,0.0,10.73,0
94,17.57,usd,2,0,0.0,10.62,0
94,15.54,usd,3,0,0.0,11.315000000000001,0
94,21.57,usd,4,0,0.0,11.69909090909091,0
94,22.7,usd,4,0,0.0,12.521666666666667,0
94,2.88,usd,5,0,0.0,13.304615384615383,0
94,17.37,usd,6,0,0.0,12.559999999999999,0
94,18.01,usd,6,0,0.0,12.880666666666665,0
94,10.78,usd,6,0,0.0,13.201250000000002,1
94,22.93,usd,7,0,0.0,13.058823529411766,0
94,11.32,usd,8,0,0.0,13.607222222222225,0
94,13.02,usd,8,0,0.0,13.486842105263161,0
94,8.6,usd,9,0,0.0,13.463500000000002,0
94,23.06,usd,10,0,0.0,13.231904761904765,0
94,24.47,usd,10,0,0.0,13.678636363636366,0
94,8.88,usd,11,0,0.0,14.147826086956526,0
94,14.94,usd,11,0,0.0,13.928333333333333,0
94,17.59,usd,12,0,0.0,13.968799999999998,0
94,15.05,usd,13,0,0.0,14.10807692307692,0
94,27.02,usd,13,0,0.0,14.142962962962962,0
94,26.38,usd,13,0,0.0,14.602857142857141,0
94,18.0,usd,14,0,0.0,15.008965517241377,0
95,29.29,usd,0,0,0.0,,0
95,38.57,usd,1,0,0.0,29.29,0
95,48.2,usd,1,0,0.0,33.93,0
95,82.26,usd,2,0,0.0,38.68666666666667,0
95,83.99,usd,3,0,0.0,49.58,0
95,31.86,usd,3,0,0.0,56.462,0
95,43.46,usd,4,0,0.0,52.36166666666667,0
95,18.61,usd,5,0,0.0,51.089999999999996,0
95,19.58,usd,5,0,0.0,47.03,0
95,112.86,usd,5,0,0.0,43.98,0
95,28.97,usd,6,0,0.0,50.868,0
95,30.75,usd,7,0,0.0,48.877272727272725,0
95,39.36,usd,8,0,0.0,47.36666666666667,0
95,88.17,usd,8,0,0.0,46.75076923076923,0
95,48.58,usd,9,0,0.0,49.70928571428571,0
95,90.67,usd,10,0,0.0,49.634,0
95,24.4,usd,10,0,0.0,52.198750000000004,0
95,38.64,usd,11,0,0.0,50.563529411764705,0
95,55.17,usd,11,0,0.0,49.90111111111111,0
95,33.81,usd,12,0,0.0,50.17842105263158,0
95,27.97,usd,12,0,0.0,49.36,0
95,52.8,usd,13,0,0.0,48.34142857142857,0
95,62.86,usd,13,0,0.0,48.54409090909091,0
95,71.13,usd,14,0,0.0,49.16652173913043,0
95,34.27,usd,14,0,0.0,50.08166666666667,0
95,73.3,usd,15,0,0.0,49.4492,0
95,44.25,usd,15,0,0.0,50.36653846153846,0
95,250.37,usd,16,0,0.0,50.14,0
95,68.11,usd,16,0,0.0,57.291071428571435,0
95,26.46,usd,17,0,0.0,57.66413793103448,0
96,5.65,usd,0,0,0.0,,0
96,17.93,usd,1,0,0.0,5.65,0
96,5.37,usd,2,0,0.0,11.79,0
96,5.33,usd,2,0,0.0,9.65,0
96,6.87,usd,3,0,0.0,8.57,0
96,5.05,usd,4,0,0.0,8.23,0
96,5.08,usd,4,0,0.0,7.699999999999999,0
96,7.2,usd,4,0,0.0,7.325714285714285,0
96,5.99,usd,5,0,0.0,7.3100000000000005,0
96,8.11,usd,5,0,0.0,7.163333333333333,0
96,6.11,usd,6,0,0.0,7.258,0
96,3.16,usd,6,0,0.0,7.153636363636363,0
96,9.35,usd,6,0,0.0,6.820833333333333,0
96,5.23,usd,7,0,0.0,7.015384615384614,0
96,5.35,usd,7,0,0.0,6.8878571428571425,0
96,5.19,usd,8,0,0.0,6.785333333333332,0
96,2.88,usd,8,0,0.0,6.685625,0
96,3.32,usd,8,0,0.0,6.461764705882352,0
96,6.07,usd,9,0,0.0,6.287222222222222,0
96,7.6,usd,9,0,0.0,6.27578947368421,0
96,2.17,usd,10,0,0.0,6.341999999999999,0
96,16.37,usd,10,0,0.0,6.143333333333332,0
96,6.61,usd,10,0,0.0,6.608181818181817,0
96,4.2,usd,11,0,0.0,6.608260869565217,0
96,4.37,usd,11,0,0.0,6.507916666666667,0
96,5.74,usd,11,0,0.0,6.4224,0
96,6.44,usd,12,0,0.0,6.3961538461538465,0
96,4.97,usd,12,0,0.0,6.397777777777778,0
96,5.12,usd,13,0,0.0,6.346785714285715,0
96,4.81,usd,13,0,0.0,6.30448275862069,0
97,30.12,ngn,0,0,0.0,,0
97,23.86,ngn,0,0,0.0,30.12,0
97,21.75,ngn,0,0,0.0,26.990000000000002,0
97,122.95,ngn,1,0,0.0,25.243333333333336,1
97,12.58,ngn,2,0,0.0,49.67,0
97,19.91,ngn,3,0,0.0,42.252,0
97,25.47,ngn,3,0,0.0,38.528333333333336,0
97,43.42,ngn,3,0,0.0,36.66285714285714,1
97,25.66,ngn,4,0,0.0,37.5075,0
97,15.38,ngn,4,0,0.0,36.19111111111111,0
97,32.1,ngn,5,0,0.0,34.11,0
97,40.11,ngn,5,0,0.0,33.92727272727273,0
97,33.95,ngn,6,0,0.0,34.4425,0
97,106.87,ngn,6,0,0.0,34.40461538461539,0
97,18.19,ngn,7,0,0.0,39.58071428571429,0
97,17.31,ngn,7,0,0.0,38.15466666666668,0
97,63.03,ngn,7,0,0.0,36.851875,0
97,21.43,ngn,8,0,0.0,38.39176470588235,0
97,11.34,ngn,9,0,0.0,37.44944444444444,0
97,59.82,ngn,10,0,0.0,36.07526315789473,0
97,34.43,ngn,11,0,0.0,37.2625,0
97,77.65,ngn,12,0,0.0,37.12761904761904,0
97,25.22,ngn,12,0,0.0,38.969545454545454,0
97,39.94,ngn,13,0,0.0,38.37173913043478,0
97,23.79,ngn,14,0,0.0,38.437083333333334,0
97,15.61,ngn,14,0,0.0,37.8512,0
97,27.88,ngn,14,0,0.0,36.99576923076923,0
97,18.08,ngn,15,0,0.0,36.65814814814815,0
97,17.16,ngn,15,0,0.0,35.99464285714286,0
97,17.91,ngn,15,0,0.0,35.3451724137931,0
98,13.47,gbp,0,0,0.0,,0
98,31.1,gbp,1,0,0.0,13.47,0
98,15.79,gbp,2,0,0.0,22.285,0
98,20.66,gbp,2,0,0.0,20.12,0
98,45.91,gbp,3,0,0.0,20.255,0
98,32.16,gbp,3,0,0.0,25.386,1
98,29.2,gbp,4,0,0.0,26.514999999999997,0
98,56.94,gbp,4,1,29.2,26.898571428571422,0
98,21.73,gbp,4,0,0.0,30.65375,0
98,10.45,gbp,4,0,0.0,29.66222222222222,0
98,25.95,gbp,5,0,0.0,27.740999999999996,0
98,20.86,gbp,5,0,0.0,27.578181818181815,0
98,86.39,gbp,5,0,0.0,27.01833333333333,0
98,17.57,gbp,6,0,0.0,31.585384615384612,0
98,19.34,gbp,6,0,0.0,30.58428571428571,0
98,14.77,gbp,7,0,0.0,29.83466666666666,0
98,34.34,gbp,8,0,0.0,28.893124999999998,1
98,25.2,gbp,8,0,0.0,29.213529411764707,0
98,21.06,gbp,9,0,0.0,28.99055555555556,0
98,14.04,gbp,10,0,0.0,28.57315789473684,0
98,12.95,gbp,11,0,0.0,27.8465,0
98,38.04,gbp,11,0,0.0,27.137142857142855,0
98,23.47,gbp,11,0,0.0,27.63272727272727,0
98,14.06,gbp,12,0,0.0,27.45173913043478,0
98,18.99,gbp,12,0,0.0,26.893749999999997,0
98,25.09,gbp,12,0,0.0,26.577599999999997,0
98,17.89,gbp,13,0,0.0,26.520384615384614,0
98,32.83,gbp,14,0,0.0,26.200740740740738,0
98,22.93,gbp,15,0,0.0,26.4375,0
98,12.09,gbp,15,0,0.0,26.31655172413793,0
99,7.91,usd,0,0,0.0,,0
99,8.33,usd,1,0,0.0,7.91,1
99,10.8,usd,1,0,0.0,8.120000000000001,0
99,8.83,usd,2,0,0.0,9.013333333333334,0
99,14.45,usd,2,0,0.0,8.967500000000001,0
99,5.86,usd,3,0,0.0,10.064000000000002,0
99,15.63,usd,4,0,0.0,9.363333333333335,0
99,7.17,usd,5,0,0.0,10.258571428571429,0
99,8.23,usd,5,0,0.0,9.8725,0
99,9.39,usd,5,0,0.0,9.690000000000001,0
99,8.85,usd,5,0,0.0,9.66,0
99,3.1,usd,6,0,0.0,9.586363636363636,0
99,7.8,usd,6,0,0.0,9.045833333333333,0
99,7.82,usd,7,0,0.0,8.95,0
99,12.36,usd,7,0,0.0,8.869285714285713,0
99,7.34,usd,8,0,0.0,9.101999999999999,0
99,5.14,usd,8,0,0.0,8.991875,0
99,11.75,usd,8,0,0.0,8.76529411764706,0
99,8.57,usd,8,0,0.0,8.931111111111111,0
99,6.34,usd,8,0,0.0,8.912105263157894,0
99,8.7,usd,8,0,0.0,8.7835,0
99,19.59,usd,9,0,0.0,8.779523809523809,0
99,3.76,usd,10,0,0.0,9.27090909090909,0
99,13.41,usd,10,0,0.0,9.031304347826085,0
99,9.32,usd,10,0,0.0,9.21375,0
99,15.4,usd,10,0,0.0,9.218,0
99,8.11,usd,11,0,0.0,9.455769230769231,0
99,13.04,usd,12,0,0.0,9.405925925925926,0
99,23.35,usd,12,0,0.0,9.535714285714286,0
99,4.42,usd,13,0,0.0,10.012068965517242,0
100,22.66,usd,0,0,0.0,,0
100,26.16,usd,0,0,0.0,22.66,0
100,34.3,usd,0,0,0.0,24.41,0
100,23.82,usd,1,0,0.0,27.706666666666667,0
100,16.09,usd,1,0,0.0,26.735,0
100,30.98,usd,1,0,0.0,24.606,1
100,17.92,usd,2,0,0.0,25.668333333333333,0
100,13.52,usd,3,0,0.0,24.56142857142857,0
100,11.96,usd,3,0,0.0,23.18125,0
100,53.45,usd,4,0,0.0,21.934444444444445,0
100,34.4,usd,4,0,0.0,25.086000000000002,0
100,7.4,usd,5,0,0.0,25.932727272727274,0
100,20.1,usd,5,0,0.0,24.388333333333332,0
100,25.41,usd,6,0,0.0,24.058461538461536,0
100,18.1,usd,6,0,0.0,24.155,0
100,38.31,usd,7,0,0.0,23.751333333333335,0
100,13.53,usd,7,0,0.0,24.66125,0
100,101.35,usd,8,0,0.0,24.006470588235292,0
100,29.41,usd,8,0,0.0,28.303333333333327,0
100,47.18,usd,9,0,0.0,28.361578947368415,0
100,24.07,usd,10,0,0.0,29.30249999999999,0
100,10.13,usd,11,0,0.0,29.053333333333327,0
100,20.46,usd,11,0,0.0,28.193181818181813,0
100,40.06,usd,11,0,0.0,27.85695652173913,0
100,17.73,usd,11,0,0.0,28.365416666666665,0
100,38.38,usd,11,0,0.0,27.94,0
100,18.24,usd,11,0,0.0,28.341538461538462,0
100,23.41,usd,12,0,0.0,27.967407407407407,0
100,28.42,usd,12,0,0.0,27.804642857142856,0
100,20.12,usd,13,0,0.0,27.825862068965513,0
101,10.34,usd,0,0,0.0,,0
101,7.14,usd,0,0,0.0,10.34,0
101,14.64,usd,0,1,7.14,8.74,0
101,11.21,usd,1,0,0.0,10.706666666666669,0
101,6.91,usd,1,0,0.0,10.832500000000001,0
101,24.04,usd,2,0,0.0,10.048000000000002,0
101,4.06,usd,2,0,0.0,12.38,1
101,3.55,usd,2,0,0.0,11.191428571428572,0
101,5.84,usd,2,0,0.0,10.23625,0
101,13.13,usd,2,0,0.0,9.747777777777777,0
101,2.92,usd,3,0,0.0,10.086,0
101,5.0,usd,4,0,0.0,9.434545454545455,0
101,6.56,usd,4,0,0.0,9.065,0
101,10.32,usd,4,0,0.0,8.872307692307693,0
101,5.0,usd,5,0,0.0,8.975714285714286,0
101,9.66,usd,6,0,0.0,8.710666666666667,0
101,6.78,usd,6,0,0.0,8.77,0
101,4.06,usd,6,0,0.0,8.652941176470588,0
101,9.19,usd,7,0,0.0,8.397777777777778,0
101,13.51,usd,8,0,0.0,8.439473684210526,0
101,6.71,usd,8,0,0.0,8.693,0
101,10.21,usd,9,0,0.0,8.598571428571429,0
101,7.04,usd,10,0,0.0,8.671818181818182,0
101,5.4,usd,10,0,0.0,8.60086956521739,0
101,8.4,usd,10,0,0.0,8.4675,0
101,9.97,usd,11,0,0.0,8.464799999999999,0
101,3.0,usd,11,0,0.0,8.522692307692306,0
101,6.77,usd,12,0,0.0,8.318148148148147,0
101,10.0,usd,12,0,0.0,8.262857142857142,0
101,3.82,usd,13,0,0.0,8.322758620689655,0
102,33.85,usd,0,0,0.0,,0
102,18.01,usd,0,0,0.0,33.85,0
102,17.57,usd,0,0,0.0,25.93,0
102,51.1,usd,1,0,0.0,23.143333333333334,0
102,35.76,usd,1,1,51.1,30.1325,0
102,21.18,usd,1,0,0.0,31.258,0
102,38.65,usd,1,0,0.0,29.578333333333333,0
102,38.51,usd,2,0,0.0,30.874285714285715,0
102,34.47,usd,3,0,0.0,31.82875,0
102,37.26,usd,4,0,0.0,32.12222222222223,0
102,29.59,usd,4,0,0.0,32.636,0
102,54.22,usd,5,0,0.0,32.35909090909091,0
102,17.34,usd,5,0,0.0,34.18083333333333,0
102,59.57,usd,6,0,0.0,32.88538461538461,0
102,24.58,usd,6,0,0.0,34.79142857142857,0
102,35.02,usd,7,0,0.0,34.11066666666666,0
102,52.58,usd,8,0,0.0,34.167500000000004,0
102,51.51,usd,8,0,0.0,35.250588235294124,0
102,44.22,usd,8,0,0.0,36.15388888888889,0
102,53.03,usd,9,0,0.0,36.57842105263158,0
102,15.26,usd,9,0,0.0,37.401,0
102,22.46,usd,10,0,0.0,36.34666666666667,0
102,57.6,usd,11,0,0.0,35.71545454545455,0
102,16.73,usd,12,0,0.0,36.66695652173914,0
102,26.18,usd,12,0,0.0,35.83625,0
102,46.1,usd,13,0,0.0,35.449999999999996,0
102,51.95,usd,14,0,0.0,35.85961538461538,0
102,84.02,usd,14,0,0.0,36.455555555555556,0
102,41.27,usd,14,0,0.0,38.15428571428571,0
102,42.61,usd,15,0,0.0,38.26172413793103,0
103,38.97,ngn,0,0,0.0,,0
103,20.58,ngn,1,0,0.0,38.97,0
103,17.3,ngn,2,0,0.0,29.775,1
103,33.64,ngn,2,1,17.3,25.616666666666664,0
103,14.96,ngn,2,0,0.0,27.6225,0
103,22.66,ngn,2,0,0.0,25.089999999999996,0
103,7.97,ngn,3,0,0.0,24.685,0
103,45.52,ngn,3,0,0.0,22.297142857142855,0
103,11.35,ngn,3,0,0.0,25.200000000000003,0
103,26.53,ngn,4,0,0.0,23.66111111111111,0
103,18.16,ngn,4,0,0.0,23.948,0
103,25.06,ngn,4,0,0.0,23.421818181818185,0
103,20.42,ngn,5,0,0.0,23.558333333333337,0
103,26.9,ngn,6,0,0.0,23.316923076923082,0
103,24.13,ngn,6,0,0.0,23.572857142857146,0
103,10.89,ngn,6,0,0.0,23.610000000000003,0
103,6.25,ngn,7,0,0.0,22.814999999999998,0
103,14.49,ngn,7,0,0.0,21.840588235294117,1
103,27.02,ngn,7,0,0.0,21.432222222222222,0
103,43.2,ngn,7,0,0.0,21.72631578947368,0
103,12.28,ngn,7,0,0.0,22.799999999999997,0
103,15.82,ngn,7,1,12.28,22.299047619047617,0
103,17.38,ngn,8,0,0.0,22.00454545454545,0
103,15.97,ngn,9,0,0.0,21.80347826086956,0
103,34.09,ngn,9,0,0.0,21.56041666666667,0
103,6.23,ngn,10,0,0.0,22.061600000000002,0
103,17.02,ngn,10,0,0.0,21.45269230769231,0
103,10.8,ngn,10,1,17.02,21.288518518518522,0
103,11.18,ngn,11,0,0.0,20.913928571428574,1
103,28.68,ngn,11,0,0.0,20.578275862068963,0
104,14.3,xof,0,0,0.0,,0
104,26.2,xof,0,0,0.0,14.3,0
104,37.41,xof,1,0,0.0,20.25,0
104,39.15,xof,1,0,0.0,25.97,0
104,56.19,xof,2,0,0.0,29.265,0
104,54.26,xof,2,0,0.0,34.65,1
104,16.3,xof,3,0,0.0,37.91833333333333,0
104,55.26,xof,3,0,0.0,34.83,0
104,52.03,xof,3,0,0.0,37.38375,0
104,39.41,xof,4,0,0.0,39.01111111111111,0
104,32.47,xof,5,0,0.0,39.051,0
104,35.69,xof,6,0,0.0,38.45272727272727,0
104,27.37,xof,6,0,0.0,38.222500000000004,0
104,25.09,xof,7,0,0.0,37.38769230769231,0
104,48.37,xof,7,0,0.0,36.50928571428572,0
104,24.66,xof,7,0,0.0,37.3,0
104,25.21,xof,8,0,0.0,36.51,0
104,67.06,xof,8,0,0.0,35.84529411764706,0
104,104.57,xof,8,0,0.0,37.57944444444445,0
104,60.69,xof,9,0,0.0,41.10526315789474,0
104,46.49,xof,9,0,0.0,42.084500000000006,0
104,19.86,xof,10,0,0.0,42.29428571428572,0
104,36.2,xof,10,0,0.0,41.27454545454546,0
104,23.91,xof,11,0,0.0,41.05391304347827,0
104,46.32,xof,11,0,0.0,40.33958333333334,0
104,44.22,xof,12,0,0.0,40.57880000000001,0
104,24.56,xof,13,0,0.0,40.71884615384616,0
104,116.52,xof,14,0,0.0,40.120370370370374,0
104,42.89,xof,14,0,0.0,42.84892857142857,0
104,10.21,xof,14,0,0.0,42.85034482758621,0
105,12.66,gbp,0,0,0.0,,0
105,29.37,gbp,1,0,0.0,12.66,0
105,54.84,gbp,1,0,0.0,21.015,1
105,17.32,gbp,2,0,0.0,32.29,0
105,30.51,gbp,3,0,0.0,28.5475,0
105,28.61,gbp,3,0,0.0,28.939999999999998,0
105,126.08,gbp,4,0,0.0,28.885,0
105,16.46,gbp,4,0,0.0,42.769999999999996,0
105,31.87,gbp,5,0,0.0,39.48125,0
105,13.99,gbp,6,0,0.0,38.635555555555555,0
105,87.03,gbp,6,0,0.0,36.17100000000001,0
105,19.15,gbp,7,0,0.0,40.79454545454546,0
105,41.52,gbp,7,0,0.0,38.990833333333335,0
105,33.86,gbp,8,0,0.0,39.18538461538461,0
105,45.99,gbp,9,0,0.0,38.805,0
105,41.03,gbp,9,0,0.0,39.284,0
105,20.46,gbp,9,0,0.0,39.393125,0
105,54.85,gbp,9,0,0.0,38.279411764705884,0
105,40.92,gbp,9,0,0.0,39.2,0
105,34.21,gbp,10,0,0.0,39.29052631578947,0
105,29.2,gbp,10,0,0.0,39.036500000000004,1
105,41.69,gbp,11,0,0.0,38.56809523809524,0
105,29.02,gbp,12,0,0.0,38.71000000000001,0
105,101.83,gbp,13,0,0.0,38.28869565217392,0
105,19.33,gbp,13,0,0.0,40.93625,0
105,40.36,gbp,13,0,0.0,40.072,0
105,51.94,gbp,14,0,0.0,40.08307692307692,0
105,43.01,gbp,15,0,0.0,40.522222222222226,0
105,26.78,gbp,15,0,0.0,40.611071428571435,0
105,16.99,gbp,15,0,0.0,40.13413793103449,0
106,20.12,xof,0,0,0.0,,0
106,35.59,xof,1,0,0.0,20.12,1
106,16.4,xof,1,0,0.0,27.855000000000004,0
106,16.14,xof,1,0,0.0,24.036666666666672,0
106,24.47,xof,1,0,0.0,22.062500000000004,0
106,32.28,xof,2,0,0.0,22.544000000000004,0
106,20.63,xof,2,1,32.28,24.166666666666668,0
106,16.86,xof,3,0,0.0,23.66142857142857,0
106,14.13,xof,3,0,0.0,22.81125,0
106,15.45,xof,3,0,0.0,21.846666666666668,0
106,11.7,xof,4,0,0.0,21.207,0
106,6.2,xof,4,0,0.0,20.34272727272727,1
106,18.32,xof,4,0,0.0,19.164166666666663,0
106,19.1,xof,5,0,0.0,19.099230769230765,0
106,19.07,xof,6,0,0.0,19.099285714285713,0
106,16.29,xof,6,0,0.0,19.09733333333333,0
106,26.09,xof,7,0,0.0,18.921875,1
106,20.8,xof,8,0,0.0,19.343529411764706,0
106,17.59,xof,8,0,0.0,19.424444444444443,0
106,11.04,xof,8,0,0.0,19.327894736842104,0
106,41.39,xof,9,0,0.0,18.9135,0
106,34.39,xof,9,0,0.0,19.983809523809523,0
106,22.85,xof,9,0,0.0,20.638636363636362,0
106,30.13,xof,9,0,0.0,20.73478260869565,0
106,19.53,xof,10,0,0.0,21.126250000000002,0
106,6.41,xof,10,0,0.0,21.062400000000004,0
106,10.44,xof,10,0,0.0,20.498846153846156,0
106,17.34,xof,10,0,0.0,20.1262962962963,0
106,27.62,xof,11,0,0.0,20.02678571428572,0
106,56.32,xof,12,0,0.0,20.288620689655176,0
107,6.37,usd,0,0,0.0,,0
107,5.73,usd,0,0,0.0,6.37,0
107,4.83,usd,1,0,0.0,6.050000000000001,0
107,5.28,usd,1,0,0.0,5.6433333333333335,0
107,5.7,usd,1,0,0.0,5.5525,0
107,4.53,usd,2,0,0.0,5.582,0
107,11.05,usd,2,0,0.0,5.406666666666666,0
107,4.88,usd,3,0,0.0,6.212857142857142,0
107,7.1,usd,3,0,0.0,6.046250000000001,0
107,5.61,usd,3,0,0.0,6.163333333333334,0
107,9.88,usd,3,0,0.0,6.1080000000000005,0
107,7.15,usd,4,0,0.0,6.450909090909092,0
107,3.72,usd,5,0,0.0,6.509166666666668,0
107,9.13,usd,6,0,0.0,6.294615384615385,0
107,4.86,usd,6,0,0.0,6.497142857142857,0
107,5.03,usd,7,0,0.0,6.388000000000001,0
107,8.34,usd,8,0,0.0,6.303125,0
107,5.76,usd,9,0,0.0,6.422941176470588,0
107,4.3,usd,9,0,0.0,6.386111111111111,0
107,9.16,usd,10,0,0.0,6.276315789473684,0
107,5.51,usd,11,0,0.0,6.4205,0
107,11.27,usd,11,0,0.0,6.377142857142856,0
107,5.48,usd,12,0,0.0,6.599545454545455,0
107,9.93,usd,12,0,0.0,6.550869565217391,0
107,9.96,usd,13,0,0.0,6.691666666666666,0
107,4.6,usd,13,0,0.0,6.8224,0
107,3.29,usd,14,0,0.0,6.736923076923077,0
107,14.53,usd,14,0,0.0,6.609259259259259,0
107,4.62,usd,15,0,0.0,6.892142857142857,0
107,15.88,usd,15,0,0.0,6.813793103448275,0
108,3.39,xof,0,0,0.0,,0
108,4.44,xof,1,0,0.0,3.39,0
108,7.78,xof,2,0,0.0,3.915,0
108,3.12,xof,2,0,0.0,5.203333333333333,0
108,2.53,xof,3,0,0.0,4.6825,0
108,4.37,xof,4,0,0.0,4.252000000000001,0
108,5.68,xof,4,0,0.0,4.271666666666667,0
108,3.43,xof,5,0,0.0,4.472857142857143,0
108,5.34,xof,5,0,0.0,4.342499999999999,0
108,2.36,xof,6,0,0.0,4.453333333333333,0
108,12.36,xof,6,0,0.0,4.244,0
108,3.32,xof,6,0,0.0,4.9818181818181815,0
108,5.04,xof,7,0,0.0,4.843333333333333,0
108,4.21,xof,8,0,0.0,4.858461538461539,0
108,6.08,xof,8,0,0.0,4.812142857142857,0
108,5.62,xof,9,0,0.0,4.896666666666666,0
108,2.12,xof,9,0,0.0,4.941875,0
108,2.26,xof,9,0,0.0,4.775882352941176,0
108,8.95,xof,10,0,0.0,4.636111111111111,0
108,5.41,xof,10,0,0.0,4.863157894736842,0
108,6.7,xof,11,0,0.0,4.8905,0
108,2.04,xof,11,0,0.0,4.976666666666667,0
108,1.45,xof,12,0,0.0,4.843181818181819,0
108,3.38,xof,12,0,0.0,4.695652173913044,0
108,2.67,xof,12,0,0.0,4.640833333333333,0
108,4.92,xof,13,0,0.0,4.562,0
108,7.84,xof,13,0,0.0,4.575769230769231,0
108,3.33,xof,13,0,0.0,4.696666666666666,0
108,3.11,xof,14,0,0.0,4.647857142857143,0
108,3.69,xof,15,0,0.0,4.594827586206898,0
109,3.4,usd,0,0,0.0,,0
109,3.52,usd,1,0,0.0,3.4,0
109,5.0,usd,2,0,0.0,3.46,0
109,4.5,usd,3,0,0.0,3.973333333333333,0
109,8.02,usd,3,0,0.0,4.105,0
109,9.85,usd,4,0,0.0,4.888,0
109,8.5,usd,5,0,0.0,5.715,0
109,5.9,usd,5,0,0.0,6.112857142857143,0
109,4.81,usd,6,0,0.0,6.08625,0
109,6.56,usd,6,0,0.0,5.944444444444445,0
109,4.01,usd,6,0,0.0,6.006,0
109,11.59,usd,7,0,0.0,5.824545454545455,0
109,5.8,usd,8,0,0.0,6.305000000000001,0
109,3.41,usd,8,0,0.0,6.266153846153847,0
109,5.35,usd,9,0,0.0,6.062142857142858,0
109,4.11,usd,10,0,0.0,6.014666666666667,0
109,2.83,usd,10,0,0.0,5.895625,0
109,3.94,usd,10,0,0.0,5.715294117647058,0
109,14.52,usd,11,0,0.0,5.616666666666666,0
109,4.45,usd,11,0,0.0,6.085263157894737,0
109,7.05,usd,11,0,0.0,6.0035,0
109,8.72,usd,12,0,0.0,6.053333333333333,0
109,3.84,usd,12,0,0.0,6.174545454545455,0
109,3.36,usd,13,0,0.0,6.07304347826087,0
109,5.23,usd,13,0,0.0,5.96,0
109,8.52,usd,14,0,0.0,5.9308,0
109,6.08,usd,14,0,0.0,6.030384615384615,0
109,7.06,usd,15,0,0.0,6.032222222222223,0
109,5.31,usd,15,0,0.0,6.068928571428572,0
109,4.12,usd,16,0,0.0,6.042758620689655,0
110,45.72,ngn,0,0,0.0,,0
110,18.29,ngn,1,0,0.0,45.72,0
110,11.71,ngn,2,0,0.0,32.004999999999995,0
110,20.09,ngn,3,0,0.0,25.24,0
110,32.23,ngn,3,0,0.0,23.9525,0
110,13.9,ngn,4,0,0.0,25.607999999999997,0
110,29.38,ngn,4,0,0.0,23.656666666666666,0
110,19.01,ngn,5,0,0.0,24.474285714285713,0
110,16.96,ngn,5,0,0.0,23.791249999999998,0
110,16.83,ngn,6,0,0.0,23.03222222222222,0
110,33.62,ngn,6,0,0.0,22.412,0
110,20.54,ngn,6,0,0.0,23.430909090909093,0
110,31.29,ngn,7,0,0.0,23.19,0
110,18.56,ngn,8,0,0.0,23.813076923076927,0
110,17.82,ngn,9,0,0.0,23.437857142857148,0
110,20.69,ngn,9,0,0.0,23.063333333333336,1
110,32.92,ngn,9,0,0.0,22.915,0
110,43.21,ngn,9,0,0.0,23.503529411764706,0
110,13.43,ngn,10,0,0.0,24.598333333333333,0
110,9.24,ngn,10,0,0.0,24.010526315789473,0
110,29.85,ngn,10,0,0.0,23.272,0
110,25.99,ngn,10,0,0.0,23.585238095238097,0
110,30.23,ngn,11,0,0.0,23.69454545454545,0
110,24.99,ngn,12,0,0.0,23.97869565217391,0
110,34.47,ngn,12,0,0.0,24.020833333333332,0
110,27.68,ngn,13,0,0.0,24.4388,0
110,9.4,ngn,13,0,0.0,24.56346153846154,0
110,28.81,ngn,13,0,0.0,24.00185185185185,0
110,14.1,ngn,14,0,0.0,24.173571428571424,0
110,16.74,ngn,14,0,0.0,23.82620689655172,0
111,96.02,usd,0,0,0.0,,0
111,23.37,usd,1,0,0.0,96.02,0
111,71.84,usd,1,0,0.0,59.695,0
111,37.77,usd,2,0,0.0,63.74333333333334,0
111,29.27,usd,2,0,0.0,57.25000000000001,0
111,64.8,usd,2,0,0.0,51.65400000000001,0
111,79.4,usd,3,0,0.0,53.845000000000006,0
111,48.96,usd,4,0,0.0,57.49571428571429,0
111,31.02,usd,4,0,0.0,56.42875,0
111,13.29,usd,4,0,0.0,53.605555555555554,0
111,37.22,usd,5,0,0.0,49.574,0
111,55.41,usd,6,0,0.0,48.45090909090909,0
111,49.33,usd,7,0,0.0,49.030833333333334,0
111,68.41,usd,7,0,0.0,49.05384615384616,0
111,42.9,usd,8,0,0.0,50.43642857142857,0
111,106.39,usd,9,0,0.0,49.934,0
111,33.54,usd,9,0,0.0,53.46249999999999,0
111,37.43,usd,10,0,0.0,52.29058823529411,0
111,52.82,usd,10,0,0.0,51.46499999999999,0
111,35.2,usd,11,0,0.0,51.536315789473676,0
111,114.5,usd,12,0,0.0,50.7195,0
111,32.38,usd,13,0,0.0,53.75666666666666,0
111,33.66,usd,13,0,0.0,52.785,0
111,79.26,usd,14,0,0.0,51.953478260869566,0
111,90.57,usd,15,0,0.0,53.09125,0
111,55.31,usd,15,0,0.0,54.5904,0
111,106.42,usd,16,0,0.0,54.61807692307692,0
111,25.5,usd,17,0,0.0,56.53666666666667,0
111,32.43,usd,17,0,0.0,55.42821428571428,0
111,55.78,usd,18,0,0.0,54.63517241379311,0
112,17.72,xof,0,0,0.0,,0
112,16.62,xof,1,0,0.0,17.72,0
112,19.63,xof,1,0,0.0,17.17,0
112,8.16,xof,2,0,0.0,17.99,0
112,14.53,xof,2,0,0.0,15.532499999999999,0
112,7.51,xof,3,0,0.0,15.331999999999999,0
112,12.15,xof,4,0,0.0,14.028333333333334,0
112,32.45,xof,4,0,0.0,13.760000000000002,0
112,6.35,xof,4,0,0.0,16.09625,0
112,11.81,xof,5,0,0.0,15.013333333333334,0
112,18.41,xof,6,0,0.0,14.693000000000001,1
112,7.65,xof,7,0,0.0,15.030909090909091,0
112,18.28,xof,7,0,0.0,14.415833333333333,0
112,12.8,xof,7,0,0.0,14.713076923076924,0
112,9.89,xof,8,0,0.0,14.576428571428574,0
112,8.2,xof,9,0,0.0,14.264000000000003,0
112,14.0,xof,9,0,0.0,13.885,0
112,17.43,xof,10,0,0.0,13.891764705882352,0
112,20.93,xof,10,0,0.0,14.088333333333333,0
112,18.22,xof,11,0,0.0,14.448421052631579,0
112,12.99,xof,11,0,0.0,14.637,0
112,10.34,xof,12,0,0.0,14.55857142857143,0
112,11.92,xof,13,0,0.0,14.366818181818182,0
112,27.03,xof,14,0,0.0,14.260434782608696,0
112,3.72,xof,14,0,0.0,14.792500000000002,0
112,11.21,xof,15,0,0.0,14.349600000000002,0
112,5.6,xof,15,0,0.0,14.228846153846156,0
112,33.53,xof,15,0,0.0,13.909259259259262,0
112,8.31,xof,16,0,0.0,14.610000000000001,0
112,13.39,xof,16,0,0.0,14.392758620689657,0
113,6.8,gbp,0,0,0.0,,0
113,8.76,gbp,0,0,0.0,6.8,0
113,9.69,gbp,1,0,0.0,7.779999999999999,0
113,36.95,gbp,2,0,0.0,8.416666666666666,0
113,7.54,gbp,2,0,0.0,15.55,0
113,14.43,gbp,2,0,0.0,13.948000000000002,0
113,18.22,gbp,3,0,0.0,14.028333333333336,0
113,21.74,gbp,3,0,0.0,14.627142857142859,0
113,9.54,gbp,4,0,0.0,15.51625,0
113,8.06,gbp,5,0,0.0,14.85222222222222,0
113,11.39,gbp,5,0,0.0,14.172999999999998,0
113,19.0,gbp,5,0,0.0,13.92,0
113,10.18,gbp,6,0,0.0,14.343333333333334,0
113,8.48,gbp,7,0,0.0,14.023076923076925,0
113,6.1,gbp,7,0,0.0,13.627142857142857,0
113,24.31,gbp,8,0,0.0,13.125333333333334,0
113,12.34,gbp,9,0,0.0,13.824375,0
113,18.13,gbp,9,0,0.0,13.737058823529411,0
113,14.47,gbp,9,0,0.0,13.981111111111112,0
113,14.18,gbp,10,0,0.0,14.006842105263157,0
113,23.2,gbp,10,0,0.0,14.0155,0
113,18.35,gbp,11,0,0.0,14.452857142857143,0
113,5.02,gbp,11,0,0.0,14.63,0
113,11.49,gbp,12,0,0.0,14.212173913043477,0
113,10.69,gbp,13,0,0.0,14.09875,0
113,15.88,gbp,13,0,0.0,13.9624,0
113,27.87,gbp,14,0,0.0,14.036153846153846,0
113,11.2,gbp,14,0,0.0,14.548518518518518,0
113,5.44,gbp,15,0,0.0,14.428928571428571,0
113,10.58,gbp,15,0,0.0,14.11896551724138,0
114,87.83,xof,0,0,0.0,,0
114,80.43,xof,1,0,0.0,87.83,0
114,79.39,xof,1,0,0.0,84.13,0
114,78.44,xof,2,0,0.0,82.55,0
114,109.07,xof,2,0,0.0,81.5225,0
114,142.64,xof,3,0,0.0,87.032,0
114,208.02,xof,3,0,0.0,96.3,0
114,218.09,xof,4,0,0.0,112.25999999999999,0
114,170.92,xof,5,0,0.0,125.48874999999998,0
114,72.34,xof,5,0,0.0,130.53666666666666,0
114,140.45,xof,5,0,0.0,124.71699999999998,0
114,128.62,xof,5,0,0.0,126.14727272727272,0
114,80.1,xof,5,0,0.0,126.35333333333331,0
114,49.45,xof,6,0,0.0,122.79538461538459,1
114,151.47,xof,6,0,0.0,117.55642857142855,0
114,369.3,xof,7,0,0.0,119.81733333333332,0
114,58.39,xof,7,0,0.0,135.41,0
114,114.87,xof,8,0,0.0,130.87941176470588,0
114,180.81,xof,8,0,0.0,129.98999999999998,0
114,208.71,xof,8,0,0.0,132.66473684210524,0
114,121.17,xof,8,0,0.0,136.46699999999998,0
114,122.63,xof,9,0,0.0,135.73857142857142,0
114,59.89,xof,9,0,0.0,135.14272727272726,0
114,181.36,xof,10,0,0.0,131.8708695652174,0
114,85.26,xof,10,0,0.0,133.93291666666667,0
114,36.48,xof,10,0,0.0,131.986,0
114,271.54,xof,11,0,0.0,128.31269230769232,0
114,121.63,xof,12,0,0.0,133.6174074074074,0
114,161.63,xof,12,0,0.0,133.18928571428572,0
114,108.21,xof,12,0,0.0,134.17000000000002,0
115,87.29,xof,0,0,0.0,,0
115,120.52,xof,0,0,0.0,87.29,0
115,110.22,xof,1,0,0.0,103.905,1
115,198.73,xof,1,0,0.0,106.00999999999999,0
115,122.38,xof,1,0,0.0,129.19,0
115,100.08,xof,2,0,0.0,127.828,1
115,56.26,xof,2,0,0.0,123.20333333333333,0
115,57.36,xof,2,0,0.0,113.64,0
115,142.63,xof,2,0,0.0,106.60499999999999,0
115,190.15,xof,2,0,0.0,110.60777777777777,0
115,80.08,xof,2,0,0.0,118.56199999999998,0
115,152.49,xof,3,0,0.0,115.06363636363635,0
115,228.86,xof,3,0,0.0,118.18249999999999,0
115,178.11,xof,4,0,0.0,126.69615384615382,0
115,183.03,xof,4,0,0.0,130.3685714285714,0
115,129.23,xof,4,0,0.0,133.87933333333334,0
115,178.89,xof,5,0,0.0,133.58875,0
115,82.31,xof,6,0,0.0,136.2535294117647,0
115,102.17,xof,7,0,0.0,133.25666666666666,0
115,66.66,xof,7,0,0.0,131.62052631578948,0
115,97.43,xof,8,0,0.0,128.3725,0
115,43.34,xof,9,0,0.0,126.89904761904761,0
115,153.33,xof,9,0,0.0,123.10090909090908,0
115,93.3,xof,9,0,0.0,124.41521739130434,0
115,108.36,xof,9,0,0.0,123.11874999999999,0
115,397.6,xof,10,0,0.0,122.5284,0
115,107.17,xof,10,0,0.0,133.1080769230769,1
115,250.16,xof,11,0,0.0,132.1474074074074,0
115,71.85,xof,12,0,0.0,136.36214285714286,0
115,101.88,xof,12,0,0.0,134.13758620689654,0
116,29.35,ngn,0,0,0.0,,0
116,12.57,ngn,0,0,0.0,29.35,0
116,16.82,ngn,1,0,0.0,20.96,0
116,18.5,ngn,2,0,0.0,19.580000000000002,0
116,22.51,ngn,2,0,0.0,19.310000000000002,0
116,26.09,ngn,2,0,0.0,19.950000000000003,0
116,58.33,ngn,2,0,0.0,20.973333333333336,0
116,21.59,ngn,3,0,0.0,26.310000000000002,0
116,31.16,ngn,4,0,0.0,25.720000000000002,0
116,21.89,ngn,4,0,0.0,26.324444444444445,0
116,36.11,ngn,5,0,0.0,25.881,0
116,15.14,ngn,5,0,0.0,26.810909090909092,0
116,30.16,ngn,6,0,0.0,25.838333333333335,0
116,26.26,ngn,7,0,0.0,26.17076923076923,0
116,19.94,ngn,7,0,0.0,26.177142857142858,0
116,28.29,ngn,7,0,0.0,25.761333333333333,0
116,29.38,ngn,8,0,0.0,25.919375,0
116,10.79,ngn,8,0,0.0,26.122941176470587,0
116,19.54,ngn,9,0,0.0,25.27111111111111,0
116,20.19,ngn,10,0,0.0,24.969473684210527,0
116,19.35,ngn,10,0,0.0,24.7305,0
116,54.29,ngn,11,0,0.0,24.474285714285717,0
116,11.67,ngn,11,0,0.0,25.829545454545453,0
116,18.44,ngn,11,0,0.0,25.21391304347826,0
116,18.03,ngn,12,0,0.0,24.93166666666667,0
116,24.03,ngn,13,0,0.0,24.6556,0
116,18.8,ngn,14,0,0.0,24.63153846153846,0
116,21.81,ngn,14,0,0.0,24.415555555555553,0
116,41.64,ngn,14,0,0.0,24.322499999999994,0
116,11.85,ngn,14,0,0.0,24.919655172413787,0
117,11.83,usd,0,0,0.0,,0
117,7.48,usd,1,0,0.0,11.83,0
117,21.52,usd,2,0,0.0,9.655000000000001,0
117,13.41,usd,2,0,0.0,13.61,0
117,13.54,usd,2,0,0.0,13.559999999999999,0
117,20.69,usd,2,0,0.0,13.556000000000001,0
117,19.49,usd,3,0,0.0,14.745,0
117,8.83,usd,3,0,0.0,15.422857142857142,0
117,11.86,usd,3,0,0.0,14.59875,1
117,12.84,usd,4,0,0.0,14.294444444444444,0
117,12.67,usd,4,0,0.0,14.149000000000001,0
117,16.19,usd,5,0,0.0,14.014545454545454,0
117,22.96,usd,5,0,0.0,14.195833333333333,0
117,18.24,usd,5,0,0.0,14.870000000000001,0
117,13.51,usd,6,0,0.0,15.110714285714286,0
117,37.78,usd,7,0,0.0,15.004,0
117,10.92,usd,8,0,0.0,16.427500000000002,0
117,8.25,usd,9,0,0.0,16.103529411764708,0
117,18.36,usd,9,0,0.0,15.667222222222225,0
117,19.82,usd,9,0,0.0,15.808947368421055,0
117,16.55,usd,10,0,0.0,16.009500000000003,0
117,13.09,usd,10,0,0.0,16.0352380952381,0
117,9.54,usd,11,0,0.0,15.901363636363639,0
117,13.52,usd,12,0,0.0,15.624782608695655,0
117,13.55,usd,12,1,13.52,15.537083333333333,0
117,22.09,usd,13,0,0.0,15.4576,0
117,10.48,usd,13,0,0.0,15.712692307692306,0
117,20.48,usd,13,0,0.0,15.518888888888888,0
117,19.14,usd,14,0,0.0,15.696071428571429,0
117,14.03,usd,14,0,0.0,15.814827586206896,0
118,250.86,ngn,0,0,0.0,,1
118,20.14,ngn,0,1,250.86,250.86,0
118,23.37,ngn,0,0,0.0,135.5,1
118,366.38,ngn,1,0,0.0,98.12333333333333,1
118,14.2,ngn,1,0,0.0,165.1875,1
118,64.25,ngn,1,1,14.2,134.99,0
118,167.4,ngn,2,0,0.0,123.2,1
118,48.82,ngn,2,0,0.0,129.5142857142857,0
118,110.18,ngn,3,0,0.0,119.42750000000001,1
118,18.09,ngn,4,0,0.0,118.40000000000002,1
118,11.33,ngn,5,0,0.0,108.369,1
118,257.51,ngn,5,1,11.33,99.54727272727273,1
118,25.87,ngn,5,0,0.0,112.71083333333333,0
118,252.05,ngn,5,1,25.87,106.03076923076922,1
118,86.35,ngn,5,2,277.92,116.46071428571427,1
118,29.14,ngn,5,0,0.0,114.45333333333332,1
118,182.96,ngn,5,0,0.0,109.12125,1
118,157.93,ngn,6,0,0.0,113.46470588235294,0
118,14.48,ngn,7,0,0.0,115.935,1
118,23.88,ngn,7,1,14.48,110.59526315789473,0
118,75.11,ngn,8,0,0.0,106.2595,0
118,91.15,ngn,8,0,0.0,104.77619047619048,0
118,12.49,ngn,8,0,0.0,104.1568181818182,1
118,199.38,ngn,9,0,0.0,100.1713043478261,0
118,26.01,ngn,9,0,0.0,104.305,0
118,14.84,ngn,10,0,0.0,101.17320000000001,0
118,141.07,ngn,10,0,0.0,97.85269230769232,1
118,10.71,ngn,11,0,0.0,99.45333333333336,0
118,40.93,ngn,12,0,0.0,96.2839285714286,1
118,269.31,ngn,12,1,40.93,94.37517241379312,1
119,42.06,xof,0,0,0.0,,0
119,11.83,xof,1,0,0.0,42.06,0
119,52.72,xof,2,0,0.0,26.945,0
119,38.25,xof,2,0,0.0,35.53666666666667,0
119,44.14,xof,2,0,0.0,36.215,0
119,18.16,xof,3,0,0.0,37.8,1
119,46.13,xof,3,0,0.0,34.526666666666664,0
119,10.94,xof,3,0,0.0,36.184285714285714,0
119,19.27,xof,4,0,0.0,33.02875,0
119,54.47,xof,5,0,0.0,31.5,1
119,60.16,xof,5,0,0.0,33.797000000000004,0
119,16.09,xof,6,0,0.0,36.193636363636365,0
119,13.68,xof,6,0,0.0,34.51833333333333,0
119,34.84,xof,7,0,0.0,32.91538461538461,0
119,10.67,xof,8,0,0.0,33.05285714285714,0
119,23.54,xof,8,0,0.0,31.56066666666667,0
119,27.29,xof,9,0,0.0,31.059375000000003,0
119,36.25,xof,9,0,0.0,30.83764705882353,0
119,118.33,xof,10,0,0.0,31.138333333333335,0
119,35.71,xof,10,0,0.0,35.72736842105263,0
119,14.92,xof,11,0,0.0,35.7265,0
119,48.87,xof,11,0,0.0,34.73571428571429,0
119,35.77,xof,12,0,0.0,35.37818181818182,0
119,44.56,xof,13,0,0.0,35.39521739130435,0
119,27.99,xof,14,0,0.0,35.77708333333334,0
119,30.82,xof,14,0,0.0,35.4656,0
119,19.69,xof,15,0,0.0,35.28692307692308,1
119,74.54,xof,15,1,19.69,34.70925925925927,0
119,42.72,xof,16,0,0.0,36.13178571428572,0
119,22.83,xof,16,0,0.0,36.35896551724138,0
120,40.02,gbp,0,0,0.0,,0
120,36.21,gbp,0,1,40.02,40.02,1
120,22.23,gbp,0,2,76.23,38.115,0
120,13.47,gbp,0,0,0.0,32.82,0
120,44.29,gbp,0,1,13.47,27.9825,0
120,27.81,gbp,1,0,0.0,31.244,1
120,257.7,gbp,1,1,27.81,30.671666666666667,1
120,51.49,gbp,1,0,0.0,63.104285714285716,1
120,39.85,gbp,1,1,51.49,61.652499999999996,1
120,27.99,gbp,2,0,0.0,59.22999999999999,1
120,20.61,gbp,3,0,0.0,56.105999999999995,0
120,79.4,gbp,3,0,0.0,52.879090909090905,1
120,137.26,gbp,3,1,79.4,55.089166666666664,1
120,14.16,gbp,4,0,0.0,61.41,0
120,38.25,gbp,5,0,0.0,58.03499999999999,0
120,88.14,gbp,5,0,0.0,56.715999999999994,0
120,20.89,gbp,5,1,88.14,58.67999999999999,1
120,16.36,gbp,5,2,109.03,56.4570588235294,0
120,18.15,gbp,5,0,0.0,54.22944444444444,1
120,261.44,gbp,5,0,0.0,52.33052631578946,0
120,54.87,gbp,5,1,261.44,62.78599999999999,0
120,61.81,gbp,5,2,316.31,62.409047619047605,0
120,17.61,gbp,6,0,0.0,62.38181818181817,0
120,19.76,gbp,7,0,0.0,60.43521739130433,0
120,55.41,gbp,8,0,0.0,58.74041666666667,0
120,116.12,gbp,8,0,0.0,58.607200000000006,1
120,17.13,gbp,9,0,0.0,60.81923076923078,0
120,23.28,gbp,9,1,17.13,59.201111111111125,0
120,12.56,gbp,9,0,0.0,57.91821428571429,0
120,17.07,gbp,9,1,12.56,56.35413793103449,1
121,23.58,usd,0,0,0.0,,0
121,14.66,usd,0,0,0.0,23.58,0
121,16.89,usd,0,0,0.0,19.119999999999997,0
121,17.4,usd,1,0,0.0,18.376666666666665,0
121,16.19,usd,1,0,0.0,18.1325,0
121,11.84,usd,2,0,0.0,17.744,0
121,20.89,usd,2,0,0.0,16.76,0
121,27.54,usd,3,0,0.0,17.35,0
121,10.53,usd,3,0,0.0,18.62375,0
121,17.52,usd,3,0,0.0,17.724444444444444,0
121,35.29,usd,4,0,0.0,17.704,0
121,20.4,usd,4,0,0.0,19.302727272727275,0
121,11.27,usd,4,0,0.0,19.394166666666667,0
121,15.04,usd,5,0,0.0,18.76923076923077,0
121,16.26,usd,5,0,0.0,18.502857142857145,0
121,11.32,usd,5,0,0.0,18.353333333333335,0
121,18.04,usd,6,0,0.0,17.91375,0
121,11.41,usd,6,0,0.0,17.921176470588236,0
121,4.35,usd,6,0,0.0,17.55944444444445,0
121,7.95,usd,7,0,0.0,16.864210526315794,0
121,13.94,usd,7,0,0.0,16.4185,0
121,30.18,usd,8,0,0.0,16.300476190476193,0
121,27.04,usd,8,0,0.0,16.93136363636364,0
121,34.41,usd,9,0,0.0,17.370869565217394,0
121,18.7,usd,9,0,0.0,18.080833333333334,0
121,7.25,usd,10,0,0.0,18.1056,0
121,8.99,usd,10,0,0.0,17.688076923076924,0
121,17.2,usd,11,0,0.0,17.365925925925925,0
121,15.01,usd,12,0,0.0,17.36,0
121,14.35,usd,13,0,0.0,17.278965517241378,0
122,7.64,usd,0,0,0.0,,0
122,14.57,usd,0,0,0.0,7.64,0
122,9.51,usd,1,0,0.0,11.105,0
122,7.96,usd,1,0,0.0,10.573333333333332,0
122,13.83,usd,1,0,0.0,9.92,0
122,20.08,usd,2,0,0.0,10.702,0
122,14.67,usd,3,0,0.0,12.265,0
122,12.5,usd,3,0,0.0,12.608571428571429,0
122,13.73,usd,3,0,0.0,12.594999999999999,0
122,4.53,usd,3,0,0.0,12.72111111111111,0
122,5.47,usd,4,0,0.0,11.902,0
122,10.47,usd,5,0,0.0,11.317272727272726,0
122,10.51,usd,6,0,0.0,11.246666666666668,0
122,9.15,usd,6,0,0.0,11.19,0
122,11.79,usd,7,0,0.0,11.044285714285715,0
122,10.63,usd,8,0,0.0,11.094,0
122,12.48,usd,8,0,0.0,11.065,0
122,10.26,usd,8,0,0.0,11.148235294117645,0
122,5.95,usd,9,0,0.0,11.098888888888887,0
122,9.66,usd,10,0,0.0,10.827894736842103,0
122,9.24,usd,10,0,0.0,10.769499999999997,0
122,8.25,usd,10,0,0.0,10.696666666666665,1
122,13.45,usd,11,0,0.0,10.585454545454544,0
122,10.09,usd,11,0,0.0,10.709999999999997,0
122,4.75,usd,11,0,0.0,10.684166666666664,0
122,9.2,usd,12,0,0.0,10.446799999999998,0
122,18.16,usd,12,0,0.0,10.398846153846153,0
122,17.04,usd,13,0,0.0,10.686296296296295,0
122,5.16,usd,13,0,0.0,10.913214285714286,0
122,19.33,usd,13,0,0.0,10.714827586206898,0
123,24.32,usd,0,0,0.0,,0
123,25.72,usd,1,0,0.0,24.32,0
123,29.45,usd,2,0,0.0,25.02,0
123,32.78,usd,2,0,0.0,26.496666666666666,0
123,20.92,usd,2,0,0.0,28.0675,1
123,30.5,usd,3,0,0.0,26.637999999999998,0
123,66.39,usd,3,0,0.0,27.281666666666666,0
123,11.22,usd,4,0,0.0,32.86857142857143,0
123,24.72,usd,4,0,0.0,30.1625,0
123,43.06,usd,5,0,0.0,29.557777777777776,0
123,41.67,usd,5,0,0.0,30.907999999999998,0
123,25.11,usd,6,0,0.0,31.886363636363637,0
123,19.29,usd,6,0,0.0,31.32166666666667,0
123,15.85,usd,7,0,0.0,30.396153846153847,0
123,25.07,usd,7,0,0.0,29.35714285714286,0
123,41.75,usd,8,0,0.0,29.071333333333335,0
123,28.4,usd,8,0,0.0,29.86375,1
123,20.46,usd,9,0,0.0,29.77764705882353,0
123,21.3,usd,9,0,0.0,29.259999999999998,0
123,8.61,usd,10,0,0.0,28.841052631578943,0
123,25.42,usd,10,0,0.0,27.829499999999996,0
123,16.36,usd,11,0,0.0,27.7147619047619,0
123,15.44,usd,11,0,0.0,27.198636363636357,0
123,22.28,usd,12,0,0.0,26.687391304347823,0
123,21.1,usd,12,0,0.0,26.50375,0
123,14.9,usd,12,0,0.0,26.2876,0
123,18.23,usd,13,0,0.0,25.849615384615387,0
123,10.09,usd,13,0,0.0,25.56740740740741,0
123,26.72,usd,14,0,0.0,25.01464285714286,0
123,31.47,usd,15,0,0.0,25.073448275862074,0
124,53.81,usd,0,0,0.0,,0
124,28.03,usd,1,0,0.0,53.81,0
124,22.84,usd,1,0,0.0,40.92,0
124,14.22,usd,1,0,0.0,34.89333333333334,0
124,77.0,usd,1,1,14.22,29.725,0
124,14.04,usd,1,2,91.22,39.18,0
124,33.43,usd,2,0,0.0,34.99,1
124,168.46,usd,2,0,0.0,34.76714285714286,1
124,12.03,usd,2,1,168.46,51.478750000000005,0
124,191.22,usd,3,0,0.0,47.095555555555556,0
124,11.36,usd,3,1,191.22,61.508,0
124,34.23,usd,3,0,0.0,56.94909090909091,1
124,19.01,usd,4,0,0.0,55.05583333333334,1
124,25.35,usd,4,1,19.01,52.283076923076926,0
124,184.94,usd,4,0,0.0,50.35928571428572,1
124,86.66,usd,5,0,0.0,59.33133333333333,0
124,26.95,usd,6,0,0.0,61.039375,0
124,227.62,usd,6,0,0.0,59.03411764705883,1
124,25.37,usd,7,0,0.0,68.4,0
124,222.62,usd,7,0,0.0,66.13526315789473,1
124,48.11,usd,8,0,0.0,73.9595,0
124,33.67,usd,8,1,48.11,72.72857142857143,1
124,11.9,usd,8,2,81.78,70.95318181818182,0
124,9.76,usd,9,0,0.0,68.38565217391304,0
124,48.33,usd,9,1,9.76,65.94291666666666,1
124,23.21,usd,10,0,0.0,65.2384,0
124,69.93,usd,10,0,0.0,63.62192307692307,1
124,11.21,usd,10,1,69.93,63.855555555555554,0
124,16.72,usd,10,2,81.14000000000001,61.97535714285714,0
124,34.11,usd,10,0,0.0,60.4148275862069,0
125,7.15,ngn,0,0,0.0,,1
125,7.07,ngn,0,0,0.0,7.15,0
125,8.45,ngn,0,0,0.0,7.11,0
125,8.82,ngn,1,0,0.0,7.5566666666666675,0
125,4.78,ngn,2,0,0.0,7.8725000000000005,0
125,10.1,ngn,2,0,0.0,7.2540000000000004,0
125,7.84,ngn,3,0,0.0,7.728333333333334,0
125,6.13,ngn,4,0,0.0,7.7442857142857155,0
125,7.55,ngn,5,0,0.0,7.5425,1
125,6.31,ngn,5,0,0.0,7.543333333333333,0
125,5.46,ngn,6,0,0.0,7.42,1
125,7.43,ngn,6,0,0.0,7.241818181818181,0
125,2.58,ngn,7,0,0.0,7.2575,0
125,4.28,ngn,7,0,0.0,6.897692307692308,0
125,11.87,ngn,8,0,0.0,6.710714285714286,0
125,7.69,ngn,8,0,0.0,7.054666666666667,0
125,4.87,ngn,8,0,0.0,7.094374999999999,0
125,2.78,ngn,9,0,0.0,6.963529411764705,0
125,4.88,ngn,9,0,0.0,6.731111111111111,0
125,3.68,ngn,10,0,0.0,6.633684210526315,0
125,5.41,ngn,11,0,0.0,6.486,0
125,7.07,ngn,11,0,0.0,6.4347619047619045,0
125,4.75,ngn,12,0,0.0,6.463636363636363,0
125,3.06,ngn,12,0,0.0,6.389130434782608,0
125,4.16,ngn,12,0,0.0,6.250416666666666,0
125,3.83,ngn,13,0,0.0,6.166799999999999,0
125,2.68,ngn,13,0,0.0,6.076923076923077,0
125,6.1,ngn,13,0,0.0,5.9511111111111115,0
125,8.17,ngn,14,0,0.0,5.956428571428572,0
125,3.72,ngn,15,0,0.0,6.032758620689655,0
126,9.31,xof,0,0,0.0,,0
126,10.84,xof,1,0,0.0,9.31,0
126,10.61,xof,1,1,10.84,10.075,0
126,9.02,xof,1,0,0.0,10.253333333333332,0
126,9.53,xof,2,0,0.0,9.945,0
126,4.17,xof,2,0,0.0,9.862,1
126,11.01,xof,2,0,0.0,8.913333333333334,0
126,8.28,xof,2,0,0.0,9.212857142857144,0
126,6.11,xof,3,0,0.0,9.09625,1
126,11.07,xof,3,0,0.0,8.764444444444443,0
126,3.72,xof,4,0,0.0,8.995,0
126,6.51,xof,4,0,0.0,8.515454545454544,0
126,17.05,xof,5,0,0.0,8.348333333333333,0
126,8.01,xof,5,0,0.0,9.017692307692307,0
126,11.17,xof,6,0,0.0,8.945714285714285,0
126,7.71,xof,6,0,0.0,9.094,0
126,6.77,xof,6,0,0.0,9.0075,0
126,8.39,xof,7,0,0.0,8.875882352941177,0
126,7.08,xof,8,0,0.0,8.84888888888889,0
126,15.66,xof,9,0,0.0,8.755789473684212,0
126,10.02,xof,9,0,0.0,9.101000000000003,0
126,26.68,xof,9,0,0.0,9.144761904761907,0
126,10.51,xof,10,0,0.0,9.941818181818185,0
126,6.76,xof,10,0,0.0,9.966521739130437,0
126,6.6,xof,10,0,0.0,9.832916666666666,0
126,9.26,xof,11,0,0.0,9.7036,0
126,19.62,xof,11,0,0.0,9.68653846153846,0
126,7.74,xof,12,0,0.0,10.054444444444444,0
126,26.27,xof,13,0,0.0,9.971785714285714,0
126,10.68,xof,13,0,0.0,10.533793103448275,0
127,8.36,xof,0,0,0.0,,0
127,19.56,xof,0,0,0.0,8.36,0
127,26.99,xof,1,0,0.0,13.959999999999999,0
127,18.98,xof,1,0,0.0,18.30333333333333,0
127,32.63,xof,2,0,0.0,18.4725,0
127,21.9,xof,3,0,0.0,21.304000000000002,0
127,63.36,xof,3,0,0.0,21.403333333333336,0
127,22.31,xof,4,0,0.0,27.39714285714286,0
127,32.82,xof,5,0,0.0,26.761249999999997,0
127,18.0,xof,5,0,0.0,27.43444444444444,0
127,24.75,xof,5,0,0.0,26.490999999999996,0
127,22.65,xof,6,0,0.0,26.33272727272727,0
127,37.56,xof,6,0,0.0,26.025833333333328,0
127,32.63,xof,7,0,0.0,26.91307692307692,0
127,42.62,xof,7,0,0.0,27.321428571428566,0
127,29.81,xof,8,0,0.0,28.34133333333333,0
127,13.81,xof,9,0,0.0,28.433125,0
127,22.33,xof,9,0,0.0,27.57294117647059,0
127,13.52,xof,10,0,0.0,27.281666666666666,0
127,10.36,xof,10,0,0.0,26.55736842105263,0
127,34.4,xof,10,0,0.0,25.747499999999995,0
127,15.01,xof,11,0,0.0,26.159523809523805,0
127,31.67,xof,11,0,0.0,25.65272727272727,0
127,29.35,xof,12,0,0.0,25.91434782608695,0
127,22.87,xof,12,0,0.0,26.0575,0
127,8.06,xof,13,0,0.0,25.93,0
127,36.01,xof,13,0,0.0,25.242692307692305,0
127,15.74,xof,14,0,0.0,25.641481481481478,0
127,17.07,xof,15,0,0.0,25.287857142857142,0
127,17.07,xof,16,0,0.0,25.00448275862069,0
128,187.63,usd,0,0,0.0,,1
128,306.15,usd,0,1,187.63,187.63,0
128,194.86,usd,0,0,0.0,246.89,0
128,263.03,usd,0,1,194.86,229.54666666666665,0
128,34.08,usd,0,2,457.89,237.9175,0
128,64.69,usd,0,0,0.0,197.15,0
128,81.91,usd,1,0,0.0,175.07333333333335,1
128,44.55,usd,1,0,0.0,161.76428571428573,1
128,97.56,usd,1,1,44.55,147.11249999999998,1
128,212.58,usd,1,2,142.11,141.60666666666665,0
128,40.39,usd,2,0,0.0,148.70399999999998,1
128,45.62,usd,2,1,40.39,138.85727272727271,1
128,24.58,usd,2,0,0.0,131.08749999999998,1
128,213.63,usd,2,1,24.58,122.89461538461536,1
128,345.22,usd,3,0,0.0,129.37571428571428,1
128,776.77,usd,3,0,0.0,143.7653333333333,1
128,50.27,usd,4,0,0.0,183.328125,0
128,41.5,usd,4,1,50.27,175.50117647058823,1
128,342.6,usd,4,0,0.0,168.05666666666667,1
128,19.62,usd,4,0,0.0,177.24315789473684,1
128,34.57,usd,5,0,0.0,169.362,0
128,201.96,usd,6,0,0.0,162.94333333333333,1
128,56.1,usd,6,1,201.96,164.71681818181818,0
128,34.74,usd,6,2,258.06,159.99434782608697,0
128,365.68,usd,6,3,292.8,154.77541666666664,0
128,53.71,usd,6,0,0.0,163.21159999999998,1
128,16.1,usd,6,1,53.71,158.99999999999997,0
128,253.26,usd,6,2,69.81,153.70740740740737,0
128,42.25,usd,7,0,0.0,157.26285714285714,1
128,133.2,usd,7,0,0.0,153.29689655172413,1
129,9.21,usd,0,0,0.0,,0
129,26.59,usd,0,0,0.0,9.21,0
129,30.29,usd,1,0,0.0,17.9,0
129,52.31,usd,1,0,0.0,22.03,0
129,70.36,usd,2,0,0.0,29.6,0
129,37.58,usd,2,0,0.0,37.751999999999995,0
129,28.86,usd,2,0,0.0,37.72333333333333,0
129,69.23,usd,3,0,0.0,36.457142857142856,0
129,34.62,usd,3,0,0.0,40.55375,0
129,45.6,usd,4,0,0.0,39.894444444444446,0
129,49.44,usd,4,0,0.0,40.465,0
129,35.36,usd,4,0,0.0,41.28090909090909,0
129,35.03,usd,5,0,0.0,40.7875,0
129,36.38,usd,5,0,0.0,40.34461538461539,0
129,80.04,usd,5,0,0.0,40.06142857142857,0
129,29.51,usd,6,0,0.0,42.72666666666667,0
129,78.45,usd,6,0,0.0,41.900625,0
129,81.92,usd,7,0,0.0,44.05058823529412,0
129,13.76,usd,7,0,0.0,46.154444444444444,0
129,36.71,usd,8,0,0.0,44.449473684210524,0
129,173.14,usd,8,0,0.0,44.0625,0
129,52.99,usd,9,0,0.0,50.20904761904761,0
129,43.88,usd,9,0,0.0,50.33545454545454,0
129,23.97,usd,10,0,0.0,50.05478260869565,0
129,28.16,usd,10,0,0.0,48.96791666666667,0
129,33.7,usd,11,0,0.0,48.135600000000004,0
129,90.35,usd,12,0,0.0,47.580384615384624,0
129,33.62,usd,13,0,0.0,49.16444444444445,0
129,105.21,usd,13,0,0.0,48.60928571428571,0
129,41.98,usd,13,0,0.0,50.56103448275862,0
130,25.6,eur,0,0,0.0,,1
130,276.03,eur,0,0,0.0,25.6,1
130,35.76,eur,1,0,0.0,150.815,1
130,109.68,eur,1,0,0.0,112.46333333333332,1
130,310.42,eur,2,0,0.0,111.7675,0
130,84.34,eur,2,0,0.0,151.498,0
130,265.56,eur,3,0,0.0,140.305,1
130,26.64,eur,3,1,265.56,158.19857142857146,1
130,106.0,eur,3,2,292.2,141.75375,0
130,78.39,eur,4,0,0.0,137.7811111111111,1
130,18.06,eur,4,0,0.0,131.842,0
130,40.38,eur,4,1,18.06,121.49818181818182,1
130,42.57,eur,4,0,0.0,114.73833333333334,0
130,66.55,eur,5,0,0.0,109.18692307692308,0
130,26.36,eur,5,0,0.0,106.14142857142858,0
130,28.39,eur,5,1,26.36,100.82266666666666,0
130,34.66,eur,5,0,0.0,96.295625,0
130,197.46,eur,5,1,34.66,92.67,0
130,395.91,eur,5,2,232.12,98.49166666666667,1
130,188.35,eur,6,0,0.0,114.14526315789475,0
130,27.69,eur,6,0,0.0,117.8555,0
130,325.39,eur,7,0,0.0,113.56190476190477,0
130,106.41,eur,7,1,325.39,123.19045454545454,0
130,25.05,eur,8,0,0.0,122.4608695652174,0
130,40.84,eur,8,0,0.0,118.40208333333334,0
130,211.16,eur,8,1,40.84,115.29960000000001,1
130,71.35,eur,8,2,252.0,118.98653846153846,0
130,422.13,eur,8,0,0.0,117.22222222222223,1
130,41.41,eur,9,0,0.0,128.11178571428573,0
130,83.36,eur,10,0,0.0,125.12206896551724,0
131,17.7,eur,0,0,0.0,,0
131,16.57,eur,0,0,0.0,17.7,0
131,6.46,eur,0,0,0.0,17.134999999999998,0
131,27.33,eur,1,0,0.0,13.576666666666666,0
131,9.3,eur,1,0,0.0,17.015,0
131,27.14,eur,1,0,0.0,15.472,0
131,11.95,eur,2,0,0.0,17.416666666666668,0
131,14.55,eur,3,0,0.0,16.635714285714286,0
131,15.88,eur,3,0,0.0,16.375,0
131,7.93,eur,4,0,0.0,16.32,0
131,21.03,eur,5,0,0.0,15.481,0
131,20.7,eur,6,0,0.0,15.985454545454546,0
131,31.85,eur,6,0,0.0,16.378333333333334,0
131,19.43,eur,6,0,0.0,17.568461538461538,0
131,9.9,eur,7,0,0.0,17.701428571428572,1
131,14.01,eur,7,0,0.0,17.18133333333333,0
131,7.77,eur,7,0,0.0,16.983125,0
131,6.23,eur,8,0,0.0,16.441176470588236,0
131,15.16,eur,9,0,0.0,15.87388888888889,0
131,25.04,eur,10,0,0.0,15.836315789473687,0
131,14.87,eur,10,0,0.0,16.2965,0
131,26.0,eur,10,0,0.0,16.22857142857143,0
131,10.15,eur,10,0,0.0,16.672727272727276,0
131,8.26,eur,10,0,0.0,16.38913043478261,0
131,37.73,eur,11,0,0.0,16.050416666666667,0
131,17.11,eur,11,0,0.0,16.917600000000004,0
131,14.02,eur,12,0,0.0,16.925000000000004,0
131,16.04,eur,12,0,0.0,16.81740740740741,0
131,9.13,eur,13,0,0.0,16.78964285714286,0
131,15.42,eur,13,0,0.0,16.525517241379312,0
132,5.96,xof,0,0,0.0,,0
132,18.64,xof,0,0,0.0,5.96,0
132,8.03,xof,0,0,0.0,12.3,0
132,6.97,xof,0,1,8.03,10.876666666666667,0
132,7.5,xof,1,0,0.0,9.9,0
132,7.83,xof,1,0,0.0,9.42,0
132,3.79,xof,2,0,0.0,9.155,0
132,12.46,xof,3,0,0.0,8.388571428571428,0
132,5.81,xof,4,0,0.0,8.8975,0
132,13.02,xof,4,0,0.0,8.554444444444446,0
132,2.81,xof,5,0,0.0,9.001000000000001,0
132,8.43,xof,5,0,0.0,8.43818181818182,0
132,2.02,xof,5,0,0.0,8.4375,0
132,6.86,xof,6,0,0.0,7.943846153846153,0
132,4.06,xof,7,0,0.0,7.866428571428571,0
132,4.8,xof,7,0,0.0,7.612666666666667,0
132,5.05,xof,7,0,0.0,7.436875000000001,0
132,12.22,xof,8,0,0.0,7.2964705882352945,0
132,4.22,xof,9,0,0.0,7.570000000000001,0
132,8.79,xof,9,0,0.0,7.393684210526317,1
132,2.03,xof,9,0,0.0,7.463500000000001,0
132,4.37,xof,9,0,0.0,7.204761904761905,0
132,7.45,xof,9,0,0.0,7.075909090909092,0
132,6.15,xof,9,0,0.0,7.092173913043479,0
132,8.4,xof,10,0,0.0,7.052916666666667,0
132,6.58,xof,10,0,0.0,7.106800000000001,0
132,4.25,xof,10,0,0.0,7.086538461538463,0
132,14.08,xof,11,0,0.0,6.981481481481483,0
132,4.11,xof,11,0,0.0,7.235000000000001,0
132,5.1,xof,12,0,0.0,7.127241379310346,1
133,7.04,xof,0,0,0.0,,0
133,3.4,xof,1,0,0.0,7.04,0
133,6.47,xof,2,0,0.0,5.22,0
133,5.34,xof,2,0,0.0,5.636666666666667,0
133,4.89,xof,3,0,0.0,5.5625,0
133,4.59,xof,4,0,0.0,5.428,0
133,6.3,xof,4,0,0.0,5.288333333333333,0
133,10.07,xof,5,0,0.0,5.432857142857143,0
133,5.29,xof,5,0,0.0,6.0125,0
133,6.23,xof,6,0,0.0,5.932222222222222,0
133,9.12,xof,6,0,0.0,5.962000000000001,0
133,6.26,xof,6,0,0.0,6.24909090909091,1
133,6.47,xof,6,0,0.0,6.250000000000001,0
133,7.42,xof,7,0,0.0,6.266923076923078,0
133,5.97,xof,8,0,0.0,6.349285714285715,0
133,6.05,xof,9,0,0.0,6.324000000000001,0
133,4.0,xof,9,0,0.0,6.306875,0
133,3.26,xof,10,0,0.0,6.171176470588235,1
133,4.77,xof,10,0,0.0,6.009444444444444,0
133,4.76,xof,10,0,0.0,5.944210526315789,0
133,6.72,xof,11,0,0.0,5.885,0
133,3.89,xof,11,0,0.0,5.924761904761905,0
133,14.39,xof,12,0,0.0,5.832272727272727,0
133,4.17,xof,13,0,0.0,6.2043478260869565,0
133,12.35,xof,13,0,0.0,6.119583333333334,0
133,8.62,xof,13,0,0.0,6.3688,0
133,3.38,xof,13,0,0.0,6.455384615384616,0
133,4.26,xof,14,0,0.0,6.341481481481481,0
133,5.25,xof,14,0,0.0,6.267142857142857,1
133,8.23,xof,14,0,0.0,6.232068965517241,0
134,10.3,usd,0,0,0.0,,0
134,8.4,usd,1,0,0.0,10.3,0
134,20.18,usd,1,0,0.0,9.350000000000001,0
134,6.29,usd,2,0,0.0,12.96,0
134,11.57,usd,2,0,0.0,11.2925,0
134,12.65,usd,2,0,0.0,11.348,0
134,27.57,usd,3,0,0.0,11.565,0
134,21.11,usd,3,0,0.0,13.851428571428572,0
134,15.97,usd,4,0,0.0,14.758750000000001,0
134,13.84,usd,4,0,0.0,14.893333333333336,0
134,12.76,usd,4,0,0.0,14.788000000000002,0
134,8.45,usd,5,0,0.0,14.603636363636365,0
134,10.42,usd,5,0,0.0,14.090833333333334,0
134,9.53,usd,5,0,0.0,13.808461538461538,0
134,23.99,usd,6,0,0.0,13.502857142857142,0
134,4.29,usd,7,0,0.0,14.202,0
134,16.41,usd,7,0,0.0,13.5825,0
134,14.03,usd,8,0,0.0,13.748823529411764,0
134,3.73,usd,9,0,0.0,13.764444444444443,0
134,13.82,usd,9,0,0.0,13.236315789473684,0
134,9.15,usd,9,0,0.0,13.2655,0
134,11.44,usd,10,0,0.0,13.069523809523808,0
134,10.55,usd,11,0,0.0,12.995454545454544,0
134,15.07,usd,11,0,0.0,12.889130434782608,0
134,8.82,usd,11,0,0.0,12.979999999999999,0
134,11.33,usd,12,0,0.0,12.8136,0
134,26.04,usd,12,0,0.0,12.75653846153846,0
134,17.36,usd,13,0,0.0,13.248518518518518,0
134,18.22,usd,13,0,0.0,13.395357142857142,0
134,7.83,usd,14,0,0.0,13.561724137931034,0
135,71.81,xof,0,0,0.0,,0
135,123.34,xof,0,0,0.0,71.81,0
135,132.79,xof,1,0,0.0,97.575,0
135,63.75,xof,1,0,0.0,109.31333333333333,0
135,47.96,xof,1,0,0.0,97.9225,0
135,67.57,xof,2,0,0.0,87.92999999999999,0
135,82.24,xof,2,0,0.0,84.53666666666666,0
135,190.85,xof,2,0,0.0,84.20857142857142,0
135,85.21,xof,3,0,0.0,97.53875,1
135,48.05,xof,3,0,0.0,96.16888888888889,0
135,138.17,xof,4,0,0.0,91.357,0
135,75.04,xof,4,0,0.0,95.61272727272727,0
135,111.67,xof,5,0,0.0,93.89833333333333,0
135,70.82,xof,5,0,0.0,95.26538461538462,0
135,38.5,xof,5,0,0.0,93.51928571428572,0
135,95.43,xof,5,0,0.0,89.85133333333333,0
135,45.15,xof,6,0,0.0,90.19999999999999,0
135,66.7,xof,6,0,0.0,87.55,0
135,193.9,xof,7,0,0.0,86.39166666666667,0
135,100.87,xof,8,0,0.0,92.05,0
135,78.9,xof,8,0,0.0,92.49100000000001,0
135,120.92,xof,8,0,0.0,91.84380952380954,0
135,61.07,xof,9,0,0.0,93.16545454545457,0
135,103.26,xof,10,0,0.0,91.77000000000002,0
135,51.9,xof,10,0,0.0,92.24875000000002,0
135,37.54,xof,10,0,0.0,90.63480000000001,0
135,86.26,xof,10,0,0.0,88.59269230769232,0
135,93.65,xof,11,0,0.0,88.50629629629631,0
135,33.51,xof,12,0,0.0,88.69000000000003,0
135,59.82,xof,12,0,0.0,86.78724137931037,0
136,22.74,usd,0,0,0.0,,0
136,37.36,usd,1,0,0.0,22.74,0
136,14.45,usd,1,0,0.0,30.049999999999997,0
136,12.01,usd,1,0,0.0,24.849999999999998,0
136,38.96,usd,2,0,0.0,21.64,0
136,15.58,usd,3,0,0.0,25.104000000000003,0
136,18.33,usd,3,0,0.0,23.51666666666667,0
136,26.72,usd,4,0,0.0,22.775714285714287,0
136,23.25,usd,4,0,0.0,23.26875,0
136,72.24,usd,5,0,0.0,23.266666666666666,0
136,15.63,usd,6,0,0.0,28.163999999999998,0
136,30.09,usd,6,0,0.0,27.024545454545454,0
136,11.39,usd,7,0,0.0,27.279999999999998,0
136,28.69,usd,7,0,0.0,26.057692307692303,0
136,24.42,usd,7,0,0.0,26.245714285714282,0
136,10.95,usd,8,0,0.0,26.124,0
136,34.83,usd,8,0,0.0,25.175625,0
136,14.95,usd,8,0,0.0,25.743529411764705,0
136,15.42,usd,8,0,0.0,25.14388888888889,0
136,58.17,usd,8,0,0.0,24.632105263157893,0
136,22.8,usd,9,0,0.0,26.308999999999997,0
136,30.87,usd,9,0,0.0,26.141904761904758,0
136,20.14,usd,9,0,0.0,26.356818181818177,0
136,22.17,usd,9,1,20.14,26.08652173913043,0
136,19.34,usd,9,0,0.0,25.923333333333336,0
136,17.37,usd,9,0,0.0,25.660000000000004,0
136,34.08,usd,10,0,0.0,25.34115384615385,0
136,28.41,usd,10,0,0.0,25.66481481481482,0
136,11.99,usd,11,0,0.0,25.762857142857147,0
136,32.37,usd,11,0,0.0,25.287931034482764,0
137,1.58,gbp,0,0,0.0,,0
137,3.06,gbp,1,0,0.0,1.58,0
137,1.86,gbp,1,0,0.0,2.3200000000000003,0
137,7.12,gbp,1,0,0.0,2.166666666666667,0
137,1.34,gbp,2,0,0.0,3.4050000000000002,0
137,2.2,gbp,3,0,0.0,2.992,0
137,2.42,gbp,3,0,0.0,2.86,0
137,4.29,gbp,3,0,0.0,2.7971428571428567,1
137,1.67,gbp,4,0,0.0,2.98375,0
137,2.34,gbp,5,0,0.0,2.8377777777777777,0
137,4.1,gbp,5,0,0.0,2.788,0
137,2.57,gbp,5,0,0.0,2.907272727272727,0
137,5.12,gbp,6,0,0.0,2.8791666666666664,0
137,5.82,gbp,6,0,0.0,3.051538461538461,0
137,14.55,gbp,6,0,0.0,3.249285714285714,0
137,4.73,gbp,6,0,0.0,4.002666666666666,0
137,5.14,gbp,7,0,0.0,4.048125,0
137,6.25,gbp,7,0,0.0,4.1123529411764705,0
137,5.06,gbp,7,0,0.0,4.231111111111111,0
137,3.98,gbp,8,0,0.0,4.274736842105263,0
137,4.41,gbp,8,0,0.0,4.26,0
137,1.61,gbp,9,0,0.0,4.267142857142857,0
137,3.5,gbp,9,0,0.0,4.1463636363636365,0
137,2.82,gbp,10,0,0.0,4.118260869565217,0
137,5.9,gbp,11,0,0.0,4.064166666666666,0
137,1.55,gbp,11,0,0.0,4.1376,0
137,2.65,gbp,12,0,0.0,4.038076923076923,0
137,13.18,gbp,13,0,0.0,3.986666666666667,0
137,2.03,gbp,13,0,0.0,4.3149999999999995,0
137,5.85,gbp,14,0,0.0,4.236206896551724,0
138,5.2,xof,0,0,0.0,,0
138,24.71,xof,0,0,0.0,5.2,0
138,18.04,xof,1,0,0.0,14.955,0
138,21.03,xof,1,0,0.0,15.983333333333334,0
138,15.95,xof,2,0,0.0,17.245,0
138,24.92,xof,2,0,0.0,16.986,0
138,17.92,xof,3,0,0.0,18.308333333333334,0
138,10.84,xof,3,0,0.0,18.252857142857145,0
138,7.52,xof,3,0,0.0,17.32625,0
138,21.05,xof,4,0,0.0,16.236666666666668,1
138,32.9,xof,5,0,0.0,16.718000000000004,0
138,17.75,xof,5,0,0.0,18.18909090909091,0
138,11.81,xof,6,0,0.0,18.152500000000003,0
138,7.6,xof,6,0,0.0,17.664615384615388,0
138,13.97,xof,6,0,0.0,16.94571428571429,0
138,10.32,xof,7,0,0.0,16.747333333333337,0
138,10.41,xof,7,0,0.0,16.345625,0
138,21.14,xof,7,0,0.0,15.996470588235294,0
138,30.12,xof,8,0,0.0,16.28222222222222,0
138,29.08,xof,8,0,0.0,17.010526315789473,0
138,18.86,xof,9,0,0.0,17.613999999999997,0
138,17.32,xof,10,0,0.0,17.673333333333332,0
138,20.53,xof,11,0,0.0,17.657272727272726,0
138,20.06,xof,12,0,0.0,17.78217391304348,0
138,17.47,xof,12,0,0.0,17.877083333333335,0
138,36.59,xof,12,0,0.0,17.860800000000005,1
138,8.49,xof,12,0,0.0,18.58115384615385,0
138,12.47,xof,13,0,0.0,18.207407407407413,0
138,16.27,xof,14,0,0.0,18.002500000000005,0
138,19.82,xof,14,0,0.0,17.94275862068966,0
139,133.83,usd,0,0,0.0,,0
139,55.63,usd,1,0,0.0,133.83,0
139,164.15,usd,1,0,0.0,94.73,0
139,82.37,usd,1,0,0.0,117.87,0
139,259.83,usd,2,0,0.0,108.995,0
139,102.29,usd,3,0,0.0,139.16199999999998,0
139,116.26,usd,3,0,0.0,133.01666666666665,0
139,30.84,usd,4,0,0.0,130.62285714285713,0
139,67.69,usd,5,0,0.0,118.15,0
139,51.98,usd,5,0,0.0,112.54333333333335,0
139,207.91,usd,6,0,0.0,106.48700000000001,0
139,193.44,usd,6,0,0.0,115.70727272727275,0
139,109.46,usd,6,0,0.0,122.18500000000002,0
139,52.47,usd,7,0,0.0,121.20615384615387,0
139,67.23,usd,8,0,0.0,116.29642857142859,0
139,81.25,usd,9,0,0.0,113.02533333333335,0
139,175.0,usd,9,0,0.0,111.039375,0
139,26.91,usd,10,0,0.0,114.80176470588236,0
139,66.2,usd,10,0,0.0,109.9188888888889,0
139,52.59,usd,11,0,0.0,107.61789473684212,0
139,138.59,usd,12,0,0.0,104.86650000000002,0
139,26.96,usd,12,0,0.0,106.47238095238097,0
139,71.62,usd,13,0,0.0,102.85818181818185,0
139,47.35,usd,13,0,0.0,101.50000000000001,0
139,71.19,usd,14,0,0.0,99.24374999999999,0
139,61.2,usd,15,0,0.0,98.1216,0
139,87.08,usd,16,0,0.0,96.70153846153845,0
139,47.74,usd,16,0,0.0,96.34518518518517,0
139,113.76,usd,17,0,0.0,94.60928571428569,0
139,111.57,usd,17,0,0.0,95.26965517241378,0
140,10.52,xof,0,0,0.0,,0
140,35.37,xof,0,0,0.0,10.52,0
140,18.69,xof,0,0,0.0,22.945,0
140,29.52,xof,1,0,0.0,21.526666666666667,0
140,36.02,xof,2,0,0.0,23.525,0
140,20.97,xof,2,0,0.0,26.024,0
140,16.28,xof,2,0,0.0,25.18166666666667,0
140,14.86,xof,3,0,0.0,23.91,0
140,32.82,xof,4,0,0.0,22.77875,0
140,16.68,xof,4,0,0.0,23.894444444444442,0
140,21.58,xof,4,0,0.0,23.173,0
140,15.83,xof,5,0,0.0,23.028181818181817,0
140,11.05,xof,6,0,0.0,22.42833333333333,0
140,21.48,xof,6,0,0.0,21.553076923076922,0
140,14.39,xof,7,0,0.0,21.547857142857143,0
140,9.24,xof,7,0,0.0,21.070666666666668,0
140,12.52,xof,7,0,0.0,20.33125,1
140,59.5,xof,8,0,0.0,19.871764705882352,0
140,28.74,xof,8,0,0.0,22.073333333333334,0
140,53.1,xof,8,0,0.0,22.42421052631579,0
140,30.79,xof,9,0,0.0,23.958000000000002,0
140,68.39,xof,9,0,0.0,24.283333333333335,0
140,16.49,xof,10,0,0.0,26.28818181818182,0
140,42.89,xof,11,0,0.0,25.86217391304348,0
140,29.61,xof,12,0,0.0,26.57166666666667,0
140,26.66,xof,12,0,0.0,26.6932,0
140,16.18,xof,13,0,0.0,26.69192307692308,0
140,22.86,xof,14,0,0.0,26.302592592592593,0
140,22.29,xof,14,0,0.0,26.179642857142856,0
140,23.26,xof,15,0,0.0,26.045517241379308,0
141,4.67,xof,0,0,0.0,,0
141,7.24,xof,1,0,0.0,4.67,0
141,11.03,xof,1,0,0.0,5.955,0
141,4.78,xof,2,0,0.0,7.646666666666666,0
141,24.39,xof,2,0,0.0,6.93,0
141,11.47,xof,3,0,0.0,10.422,0
141,6.09,xof,3,0,0.0,10.596666666666666,0
141,17.48,xof,4,0,0.0,9.952857142857143,0
141,5.57,xof,4,0,0.0,10.89375,0
141,15.94,xof,4,0,0.0,10.302222222222222,0
141,4.39,xof,5,0,0.0,10.866,0
141,9.67,xof,6,0,0.0,10.277272727272727,0
141,5.92,xof,7,0,0.0,10.226666666666667,0
141,6.82,xof,7,0,0.0,9.895384615384614,0
141,8.75,xof,7,0,0.0,9.675714285714283,0
141,17.29,xof,8,0,0.0,9.613999999999999,0
141,11.25,xof,8,0,0.0,10.09375,0
141,10.75,xof,9,0,0.0,10.161764705882353,1
141,17.36,xof,9,0,0.0,10.194444444444445,0
141,12.18,xof,9,0,0.0,10.571578947368423,0
141,10.34,xof,10,0,0.0,10.652000000000001,0
141,10.59,xof,11,0,0.0,10.637142857142859,0
141,19.67,xof,11,0,0.0,10.635000000000002,0
141,11.9,xof,12,0,0.0,11.027826086956523,0
141,8.79,xof,12,0,0.0,11.064166666666667,0
141,24.25,xof,13,0,0.0,10.973200000000002,0
141,29.82,xof,13,0,0.0,11.483846153846155,0
141,6.56,xof,14,0,0.0,12.162962962962965,0
141,6.25,xof,14,0,0.0,11.962857142857144,0
141,7.98,xof,14,0,0.0,11.765862068965518,0
142,10.88,eur,0,0,0.0,,0
142,35.92,eur,0,0,0.0,10.88,0
142,41.04,eur,1,0,0.0,23.400000000000002,0
142,10.35,eur,1,0,0.0,29.28,0
142,32.08,eur,2,0,0.0,24.5475,0
142,21.78,eur,2,0,0.0,26.053999999999995,0
142,22.56,eur,2,0,0.0,25.341666666666665,0
142,21.58,eur,3,0,0.0,24.944285714285712,0
142,43.57,eur,4,0,0.0,24.52375,0
142,29.03,eur,4,0,0.0,26.64,0
142,48.81,eur,4,0,0.0,26.878999999999998,0
142,52.44,eur,5,0,0.0,28.87272727272727,0
142,42.7,eur,6,0,0.0,30.836666666666662,0
142,15.42,eur,7,0,0.0,31.749230769230767,0
142,22.4,eur,7,0,0.0,30.58285714285714,0
142,71.61,eur,7,0,0.0,30.03733333333333,0
142,11.06,eur,8,0,0.0,32.635625,0
142,53.78,eur,9,0,0.0,31.366470588235288,0
142,12.95,eur,9,0,0.0,32.61166666666666,0
142,37.28,eur,9,0,0.0,31.576842105263154,0
142,35.67,eur,10,0,0.0,31.861999999999995,0
142,14.17,eur,11,0,0.0,32.04333333333333,0
142,21.73,eur,11,0,0.0,31.230909090909083,0
142,31.97,eur,12,0,0.0,30.817826086956515,0
142,41.65,eur,13,0,0.0,30.86583333333333,0
142,23.6,eur,14,0,0.0,31.297199999999997,0
142,14.04,eur,15,0,0.0,31.001153846153844,0
142,28.72,eur,15,0,0.0,30.372962962962962,0
142,27.17,eur,15,0,0.0,30.31392857142857,0
142,25.65,eur,15,0,0.0,30.205517241379308,0
143,48.04,ngn,0,0,0.0,,0
143,20.34,ngn,1,0,0.0,48.04,0
143,40.9,ngn,1,0,0.0,34.19,0
143,36.56,ngn,1,0,0.0,36.42666666666667,0
143,38.78,ngn,2,0,0.0,36.46,0
143,44.68,ngn,3,0,0.0,36.924,0
143,21.87,ngn,3,0,0.0,38.21666666666667,1
143,45.56,ngn,3,0,0.0,35.88142857142857,0
143,10.13,ngn,4,0,0.0,37.09125,0
143,23.26,ngn,4,0,0.0,34.095555555555556,0
143,49.04,ngn,5,0,0.0,33.012,0
143,31.03,ngn,5,0,0.0,34.46909090909091,0
143,86.43,ngn,5,1,31.03,34.182500000000005,0
143,14.77,ngn,6,0,0.0,38.20153846153847,0
143,18.02,ngn,6,0,0.0,36.527857142857144,0
143,28.35,ngn,6,0,0.0,35.294000000000004,0
143,30.56,ngn,7,0,0.0,34.86,0
143,22.02,ngn,8,0,0.0,34.60705882352941,0
143,34.62,ngn,8,0,0.0,33.907777777777774,0
143,22.19,ngn,8,0,0.0,33.945263157894736,0
143,47.38,ngn,9,0,0.0,33.3575,0
143,28.23,ngn,10,0,0.0,34.025238095238095,0
143,13.32,ngn,10,0,0.0,33.76181818181818,0
143,22.42,ngn,11,0,0.0,32.87304347826087,0
143,25.5,ngn,11,0,0.0,32.4375,0
143,64.74,ngn,12,0,0.0,32.16,0
143,32.69,ngn,12,0,0.0,33.41307692307692,0
143,15.38,ngn,13,0,0.0,33.3862962962963,0
143,35.37,ngn,13,0,0.0,32.74321428571429,0
143,33.15,ngn,13,0,0.0,32.83379310344828,0
144,2.43,ngn,0,0,0.0,,0
144,10.53,ngn,0,0,0.0,2.43,0
144,3.3,ngn,1,0,0.0,6.4799999999999995,0
144,8.24,ngn,1,0,0.0,5.419999999999999,0
144,16.6,ngn,2,0,0.0,6.125,0
144,28.61,ngn,2,0,0.0,8.22,1
144,5.21,ngn,2,0,0.0,11.618333333333334,0
144,12.04,ngn,2,0,0.0,10.702857142857143,0
144,5.29,ngn,3,0,0.0,10.870000000000001,0
144,9.88,ngn,3,0,0.0,10.250000000000002,0
144,9.2,ngn,4,0,0.0,10.213000000000001,0
144,26.69,ngn,5,0,0.0,10.120909090909093,1
144,9.95,ngn,5,0,0.0,11.501666666666667,0
144,10.92,ngn,6,0,0.0,11.382307692307693,0
144,8.84,ngn,7,0,0.0,11.349285714285713,0
144,9.86,ngn,7,0,0.0,11.181999999999999,0
144,8.29,ngn,8,0,0.0,11.099375,0
144,10.5,ngn,9,0,0.0,10.934117647058823,0
144,8.37,ngn,10,0,0.0,10.91,0
144,30.26,ngn,11,0,0.0,10.776315789473685,0
144,9.61,ngn,11,0,0.0,11.750499999999999,0
144,4.15,ngn,12,0,0.0,11.64857142857143,0
144,3.64,ngn,12,0,0.0,11.307727272727274,0
144,7.84,ngn,12,0,0.0,10.974347826086957,0
144,4.2,ngn,13,0,0.0,10.84375,0
144,6.7,ngn,14,0,0.0,10.578,0
144,6.16,ngn,14,0,0.0,10.428846153846154,0
144,9.11,ngn,15,0,0.0,10.270740740740742,0
144,8.81,ngn,16,0,0.0,10.229285714285714,0
144,19.87,ngn,17,0,0.0,10.180344827586207,0
145,37.09,ngn,0,0,0.0,,0
145,36.68,ngn,0,0,0.0,37.09,1
145,30.15,ngn,1,0,0.0,36.885000000000005,0
145,102.38,ngn,2,0,0.0,34.64000000000001,0
145,43.18,ngn,2,0,0.0,51.575,0
145,22.65,ngn,3,0,0.0,49.896,0
145,16.31,ngn,3,0,0.0,45.355,0
145,60.42,ngn,4,0,0.0,41.205714285714286,0
145,58.5,ngn,4,0,0.0,43.6075,0
145,38.75,ngn,4,0,0.0,45.26222222222222,0
145,92.66,ngn,5,0,0.0,44.611000000000004,0
145,29.14,ngn,5,0,0.0,48.97909090909091,0
145,15.29,ngn,5,0,0.0,47.32583333333333,0
145,27.41,ngn,6,0,0.0,44.86153846153846,0
145,44.07,ngn,7,0,0.0,43.614999999999995,0
145,22.23,ngn,7,0,0.0,43.64533333333333,0
145,44.24,ngn,7,0,0.0,42.306875000000005,0
145,75.42,ngn,8,0,0.0,42.420588235294126,0
145,27.08,ngn,8,0,0.0,44.253888888888895,0
145,27.54,ngn,9,0,0.0,43.35,0
145,44.26,ngn,9,0,0.0,42.5595,0
145,42.35,ngn,10,0,0.0,42.64047619047619,0
145,30.21,ngn,10,0,0.0,42.62727272727273,0
145,48.62,ngn,10,0,0.0,42.08739130434783,0
145,33.09,ngn,11,0,0.0,42.35958333333333,0
145,42.47,ngn,12,0,0.0,41.9888,0
145,52.46,ngn,12,0,0.0,42.00730769230769,0
145,53.35,ngn,13,0,0.0,42.394444444444446,0
145,33.51,ngn,13,0,0.0,42.785714285714285,0
145,39.28,ngn,14,0,0.0,42.465862068965514,0
146,6.04,usd,0,0,0.0,,0
146,24.5,usd,1,0,0.0,6.04,0
146,14.0,usd,1,0,0.0,15.27,0
146,14.63,usd,2,0,0.0,14.846666666666666,0
146,8.59,usd,3,0,0.0,14.7925,0
146,7.78,usd,3,0,0.0,13.552000000000001,0
146,18.85,usd,4,0,0.0,12.590000000000002,0
146,11.87,usd,4,0,0.0,13.484285714285717,0
146,7.22,usd,5,0,0.0,13.2825,0
146,11.93,usd,5,0,0.0,12.60888888888889,0
146,10.54,usd,5,0,0.0,12.541,0
146,20.39,usd,6,0,0.0,12.359090909090908,0
146,6.41,usd,7,0,0.0,13.02833333333333,0
146,17.25,usd,8,0,0.0,12.519230769230766,0
146,12.92,usd,9,0,0.0,12.857142857142856,0
146,11.26,usd,9,0,0.0,12.86133333333333,0
146,6.24,usd,9,0,0.0,12.76125,0
146,6.46,usd,10,0,0.0,12.37764705882353,0
146,10.94,usd,10,0,0.0,12.04888888888889,0
146,8.39,usd,11,0,0.0,11.990526315789475,0
146,4.68,usd,12,0,0.0,11.810500000000001,0
146,8.19,usd,12,0,0.0,11.470952380952383,0
146,10.44,usd,12,0,0.0,11.321818181818184,0
146,14.27,usd,13,0,0.0,11.283478260869567,0
146,3.31,usd,14,0,0.0,11.407916666666665,0
146,17.55,usd,14,0,0.0,11.083999999999998,0
146,7.69,usd,15,0,0.0,11.332692307692307,0
146,7.45,usd,15,0,0.0,11.197777777777777,0
146,5.88,usd,15,0,0.0,11.063928571428571,0
146,6.68,usd,16,0,0.0,10.885172413793102,0
147,15.63,ngn,0,0,0.0,,0
147,21.12,ngn,1,0,0.0,15.63,0
147,41.84,ngn,1,0,0.0,18.375,0
147,9.73,ngn,2,0,0.0,26.19666666666667,0
147,33.74,ngn,3,0,0.0,22.080000000000002,0
147,11.3,ngn,4,0,0.0,24.412,1
147,14.51,ngn,4,0,0.0,22.22666666666667,0
147,12.92,ngn,5,0,0.0,21.124285714285715,0
147,22.84,ngn,5,0,0.0,20.098750000000003,0
147,14.87,ngn,6,0,0.0,20.403333333333336,0
147,71.56,ngn,7,0,0.0,19.85,0
147,19.61,ngn,8,0,0.0,24.550909090909098,0
147,40.78,ngn,8,0,0.0,24.13916666666667,1
147,9.24,ngn,9,0,0.0,25.419230769230772,0
147,47.52,ngn,9,0,0.0,24.26357142857143,0
147,16.57,ngn,10,0,0.0,25.814000000000004,0
147,20.86,ngn,11,0,0.0,25.236250000000002,0
147,11.45,ngn,11,0,0.0,24.978823529411766,0
147,15.95,ngn,12,0,0.0,24.227222222222224,0
147,44.99,ngn,12,0,0.0,23.79157894736842,0
147,7.03,ngn,13,0,0.0,24.8515,0
147,26.63,ngn,14,0,0.0,24.002857142857142,0
147,15.36,ngn,14,0,0.0,24.12227272727273,0
147,15.46,ngn,15,0,0.0,23.74130434782609,1
147,16.01,ngn,15,0,0.0,23.39625,0
147,65.41,ngn,15,0,0.0,23.1008,0
147,26.3,ngn,16,0,0.0,24.72807692307692,0
147,26.37,ngn,17,0,0.0,24.786296296296292,0
147,17.45,ngn,17,0,0.0,24.842857142857138,0
147,12.05,ngn,18,0,0.0,24.587931034482757,0
148,13.96,usd,0,0,0.0,,0
148,20.98,usd,1,0,0.0,13.96,0
148,14.87,usd,1,0,0.0,17.47,0
148,15.17,usd,2,0,0.0,16.60333333333333,0
148,22.24,usd,3,0,0.0,16.244999999999997,0
148,14.5,usd,3,0,0.0,17.443999999999996,1
148,14.79,usd,3,0,0.0,16.95333333333333,0
148,23.18,usd,4,0,0.0,16.64428571428571,0
148,56.46,usd,4,0,0.0,17.46125,0
148,24.02,usd,4,0,0.0,21.794444444444444,0
148,9.37,usd,5,0,0.0,22.017000000000003,0
148,18.37,usd,5,0,0.0,20.86727272727273,0
148,54.58,usd,6,0,0.0,20.659166666666668,0
148,23.92,usd,6,0,0.0,23.26846153846154,0
148,4.71,usd,7,0,0.0,23.315,0
148,17.13,usd,8,0,0.0,22.074666666666666,0
148,21.89,usd,8,0,0.0,21.765625,0
148,33.69,usd,9,0,0.0,21.77294117647059,0
148,17.71,usd,9,0,0.0,22.435,0
148,10.48,usd,10,0,0.0,22.18631578947368,0
148,11.14,usd,10,0,0.0,21.601,0
148,11.72,usd,11,0,0.0,21.10285714285714,0
148,18.43,usd,12,0,0.0,20.676363636363636,0
148,17.37,usd,12,0,0.0,20.578695652173913,0
148,26.82,usd,12,0,0.0,20.445000000000004,0
148,22.29,usd,13,0,0.0,20.700000000000003,0
148,28.8,usd,13,0,0.0,20.76115384615385,0
148,11.48,usd,14,0,0.0,21.05888888888889,0
148,14.23,usd,14,0,0.0,20.716785714285717,0
148,32.21,usd,14,0,0.0,20.493103448275864,0
149,6.69,ngn,0,0,0.0,,0
149,12.42,ngn,1,0,0.0,6.69,0
149,18.2,ngn,2,0,0.0,9.555,0
149,18.14,ngn,2,0,0.0,12.436666666666667,0
149,33.51,ngn,3,0,0.0,13.8625,0
149,8.49,ngn,4,0,0.0,17.792,0
149,6.88,ngn,5,0,0.0,16.241666666666667,0
149,13.36,ngn,5,0,0.0,14.904285714285715,0
149,39.31,ngn,6,0,0.0,14.71125,0
149,14.05,ngn,6,1,39.31,17.444444444444443,1
149,18.66,ngn,7,0,0.0,17.105,0
149,11.49,ngn,7,0,0.0,17.246363636363636,0
149,13.27,ngn,8,0,0.0,16.76666666666667,0
149,27.41,ngn,8,0,0.0,16.49769230769231,0
149,16.39,ngn,8,0,0.0,17.27714285714286,0
149,51.34,ngn,9,0,0.0,17.218000000000004,0
149,17.49,ngn,10,0,0.0,19.350625,0
149,30.52,ngn,10,0,0.0,19.241176470588236,0
149,17.93,ngn,11,0,0.0,19.86777777777778,0
149,14.43,ngn,11,0,0.0,19.76578947368421,0
149,29.39,ngn,12,0,0.0,19.499000000000002,0
149,25.5,ngn,12,0,0.0,19.97,0
149,9.34,ngn,12,0,0.0,20.221363636363638,0
149,6.88,ngn,12,0,0.0,19.748260869565218,0
149,15.67,ngn,13,0,0.0,19.212083333333332,0
149,64.94,ngn,14,0,0.0,19.0704,0
149,22.19,ngn,14,0,0.0,20.834615384615386,0
149,31.92,ngn,15,0,0.0,20.884814814814817,0
149,19.59,ngn,15,0,0.0,21.278928571428573,0
149,13.26,ngn,15,1,19.59,21.220689655172418,0
150,7.05,usd,0,0,0.0,,0
150,33.01,usd,1,0,0.0,7.05,0
150,11.75,usd,2,0,0.0,20.029999999999998,0
150,20.02,usd,2,0,0.0,17.27,0
150,15.09,usd,3,0,0.0,17.9575,0
150,21.86,usd,3,0,0.0,17.384,0
150,8.04,usd,4,0,0.0,18.13,0
150,29.35,usd,4,0,0.0,16.68857142857143,0
150,7.99,usd,4,0,0.0,18.271250000000002,0
150,14.28,usd,5,0,0.0,17.12888888888889,0
150,12.46,usd,5,0,0.0,16.844,0
150,9.28,usd,5,0,0.0,16.44545454545455,0
150,12.41,usd,5,0,0.0,15.848333333333336,0
150,8.46,usd,6,0,0.0,15.583846153846157,0
150,5.04,usd,7,0,0.0,15.075000000000003,0
150,4.57,usd,7,0,0.0,14.406000000000002,0
150,20.28,usd,7,0,0.0,13.79125,0
150,7.19,usd,8,0,0.0,14.172941176470587,0
150,13.69,usd,9,0,0.0,13.785,0
150,19.04,usd,9,0,0.0,13.78,0
150,8.35,usd,10,0,0.0,14.043000000000001,0
150,9.38,usd,10,0,0.0,13.771904761904764,0
150,18.57,usd,10,0,0.0,13.572272727272729,0
150,8.75,usd,10,0,0.0,13.789565217391305,0
150,27.57,usd,11,0,0.0,13.579583333333332,0
150,11.93,usd,11,0,0.0,14.139199999999999,0
150,7.57,usd,11,0,0.0,14.054230769230768,0
150,13.62,usd,12,0,0.0,13.814074074074073,0
150,15.68,usd,13,0,0.0,13.807142857142855,0
150,16.44,usd,13,0,0.0,13.871724137931034,0
151,34.37,ngn,0,0,0.0,,0
151,25.94,ngn,1,0,0.0,34.37,0
151,35.95,ngn,2,0,0.0,30.155,1
151,26.44,ngn,2,0,0.0,32.086666666666666,0
151,32.85,ngn,3,0,0.0,30.675,1
151,64.0,ngn,4,0,0.0,31.110000000000003,0
151,33.02,ngn,5,0,0.0,36.59166666666667,0
151,20.27,ngn,5,0,0.0,36.081428571428575,0
151,53.11,ngn,6,0,0.0,34.105,0
151,52.02,ngn,7,0,0.0,36.21666666666667,0
151,27.63,ngn,7,0,0.0,37.797,0
151,91.47,ngn,8,0,0.0,36.87272727272727,0
151,24.24,ngn,8,0,0.0,41.42249999999999,0
151,53.02,ngn,8,0,0.0,40.100769230769224,0
151,65.62,ngn,9,0,0.0,41.02357142857142,0
151,29.78,ngn,9,0,0.0,42.66333333333333,0
151,40.54,ngn,10,0,0.0,41.858125,0
151,39.33,ngn,11,0,0.0,41.78058823529412,0
151,56.06,ngn,11,0,0.0,41.644444444444446,0
151,27.89,ngn,12,0,0.0,42.40315789473684,0
151,18.78,ngn,12,0,0.0,41.6775,0
151,48.42,ngn,13,0,0.0,40.58714285714286,0
151,28.31,ngn,13,0,0.0,40.94318181818182,0
151,19.34,ngn,13,0,0.0,40.39391304347826,0
151,35.78,ngn,13,0,0.0,39.51666666666667,0
151,77.1,ngn,14,0,0.0,39.367200000000004,0
151,50.61,ngn,15,0,0.0,40.818461538461534,0
151,40.4,ngn,15,0,0.0,41.18111111111111,0
151,24.31,ngn,16,0,0.0,41.153214285714284,0
151,114.76,ngn,17,0,0.0,40.57241379310344,0
152,82.61,ngn,0,0,0.0,,0
152,92.1,ngn,0,0,0.0,82.61,0
152,25.39,ngn,1,0,0.0,87.35499999999999,0
152,35.13,ngn,1,0,0.0,66.69999999999999,1
152,42.13,ngn,2,0,0.0,58.80749999999999,0
152,55.78,ngn,2,0,0.0,55.471999999999994,0
152,56.15,ngn,3,0,0.0,55.52333333333333,1
152,93.19,ngn,3,0,0.0,55.61285714285714,0
152,85.79,ngn,4,0,0.0,60.31,0
152,49.05,ngn,4,0,0.0,63.14111111111111,0
152,112.01,ngn,5,0,0.0,61.73199999999999,0
152,67.13,ngn,5,0,0.0,66.30272727272727,0
152,127.28,ngn,6,0,0.0,66.37166666666666,0
152,166.69,ngn,7,0,0.0,71.05692307692307,0
152,18.92,ngn,7,0,0.0,77.88785714285713,1
152,68.32,ngn,8,0,0.0,73.95666666666666,0
152,73.39,ngn,8,0,0.0,73.604375,0
152,120.86,ngn,8,0,0.0,73.59176470588237,0
152,40.62,ngn,9,0,0.0,76.21777777777778,0
152,35.26,ngn,9,0,0.0,74.34421052631579,0
152,59.03,ngn,10,0,0.0,72.39,0
152,99.81,ngn,10,0,0.0,71.75380952380952,0
152,79.48,ngn,10,0,0.0,73.0290909090909,0
152,88.86,ngn,10,0,0.0,73.3095652173913,0
152,71.06,ngn,11,0,0.0,73.9575,0
152,42.17,ngn,11,0,0.0,73.8416,0
152,57.31,ngn,11,0,0.0,72.62346153846154,0
152,62.95,ngn,12,0,0.0,72.0562962962963,1
152,41.01,ngn,12,0,0.0,71.73107142857143,0
152,39.82,ngn,13,0,0.0,70.67172413793104,0
153,29.8,ngn,0,0,0.0,,0
153,38.87,ngn,1,0,0.0,29.8,0
153,42.39,ngn,1,0,0.0,34.335,0
153,13.42,ngn,2,0,0.0,37.02,0
153,25.5,ngn,2,0,0.0,31.12,0
153,65.33,ngn,2,0,0.0,29.996000000000002,0
153,42.3,ngn,3,0,0.0,35.885,0
153,47.95,ngn,3,0,0.0,36.80142857142857,0
153,31.67,ngn,3,0,0.0,38.195,0
153,61.61,ngn,3,0,0.0,37.47,0
153,81.9,ngn,4,0,0.0,39.884,0
153,20.74,ngn,4,0,0.0,43.70363636363636,0
153,90.71,ngn,4,0,0.0,41.79,0
153,32.07,ngn,4,0,0.0,45.55307692307693,0
153,23.02,ngn,5,0,0.0,44.59000000000001,0
153,150.81,ngn,5,0,0.0,43.15200000000001,0
153,87.54,ngn,6,0,0.0,49.880624999999995,0
153,27.55,ngn,6,0,0.0,52.09588235294117,0
153,44.12,ngn,7,0,0.0,50.73222222222221,0
153,38.35,ngn,8,0,0.0,50.38421052631578,0
153,38.2,ngn,8,0,0.0,49.78249999999999,0
153,43.34,ngn,8,1,38.2,49.230952380952374,0
153,62.09,ngn,9,0,0.0,48.96318181818181,0
153,38.7,ngn,9,0,0.0,49.53391304347825,0
153,44.82,ngn,10,0,0.0,49.0825,0
153,41.34,ngn,11,0,0.0,48.912,0
153,33.02,ngn,11,0,0.0,48.62076923076923,0
153,106.53,ngn,12,0,0.0,48.04296296296296,0
153,16.81,ngn,12,0,0.0,50.131785714285705,0
153,26.69,ngn,12,0,0.0,48.982758620689644,0
154,6.87,ngn,0,0,0.0,,0
154,16.5,ngn,0,0,0.0,6.87,1
154,18.46,ngn,1,0,0.0,11.685,0
154,6.85,ngn,1,0,0.0,13.943333333333333,0
154,11.67,ngn,2,0,0.0,12.17,0
154,5.25,ngn,2,0,0.0,12.07,0
154,6.48,ngn,2,0,0.0,10.933333333333332,0
154,17.45,ngn,2,0,0.0,10.297142857142857,0
154,10.46,ngn,3,0,0.0,11.19125,0
154,26.25,ngn,4,0,0.0,11.110000000000001,0
154,17.63,ngn,5,0,0.0,12.624,0
154,17.74,ngn,5,0,0.0,13.07909090909091,0
154,8.06,ngn,6,0,0.0,13.467500000000001,0
154,5.68,ngn,7,0,0.0,13.051538461538463,0
154,9.73,ngn,8,0,0.0,12.525000000000002,0
154,29.11,ngn,8,0,0.0,12.338666666666667,0
154,9.35,ngn,8,0,0.0,13.386875,0
154,8.55,ngn,8,0,0.0,13.149411764705881,0
154,7.28,ngn,8,0,0.0,12.893888888888888,0
154,9.93,ngn,9,0,0.0,12.59842105263158,0
154,7.02,ngn,10,0,0.0,12.465,0
154,6.55,ngn,10,0,0.0,12.205714285714285,0
154,13.96,ngn,11,0,0.0,11.948636363636364,0
154,6.88,ngn,11,0,0.0,12.03608695652174,0
154,8.12,ngn,12,0,0.0,11.821250000000001,0
154,9.16,ngn,12,0,0.0,11.673200000000001,0
154,10.14,ngn,13,0,0.0,11.576538461538464,0
154,10.68,ngn,13,0,0.0,11.523333333333335,0
154,10.59,ngn,13,0,0.0,11.493214285714288,0
154,10.27,ngn,14,0,0.0,11.462068965517243,0
155,8.74,usd,0,0,0.0,,0
155,7.82,usd,1,0,0.0,8.74,0
155,8.96,usd,1,0,0.0,8.280000000000001,0
155,12.69,usd,2,0,0.0,8.506666666666668,0
155,12.85,usd,2,0,0.0,9.5525,1
155,9.08,usd,2,0,0.0,10.212,0
155,26.86,usd,3,0,0.0,10.023333333333333,0
155,18.04,usd,4,0,0.0,12.428571428571429,0
155,15.81,usd,5,0,0.0,13.129999999999999,0
155,10.67,usd,5,0,0.0,13.427777777777777,0
155,7.72,usd,6,0,0.0,13.151999999999997,0
155,15.57,usd,7,0,0.0,12.658181818181816,0
155,27.02,usd,7,0,0.0,12.900833333333331,0
155,13.12,usd,7,0,0.0,13.986923076923075,0
155,7.21,usd,7,0,0.0,13.924999999999999,0
155,24.47,usd,8,0,0.0,13.477333333333332,0
155,11.17,usd,8,0,0.0,14.164375,0
155,21.99,usd,9,0,0.0,13.988235294117645,0
155,10.15,usd,9,0,0.0,14.432777777777776,0
155,14.87,usd,10,0,0.0,14.207368421052628,0
155,6.22,usd,10,0,0.0,14.240499999999997,0
155,4.02,usd,11,0,0.0,13.858571428571427,0
155,7.86,usd,11,0,0.0,13.411363636363633,0
155,15.21,usd,12,0,0.0,13.169999999999998,0
155,11.44,usd,12,0,0.0,13.255,0
155,4.87,usd,13,0,0.0,13.1824,1
155,18.49,usd,14,0,0.0,12.862692307692308,0
155,11.59,usd,14,0,0.0,13.071111111111112,0
155,6.98,usd,14,0,0.0,13.018214285714285,0
155,8.59,usd,15,0,0.0,12.81,0
156,21.89,gbp,0,0,0.0,,0
156,65.4,gbp,1,0,0.0,21.89,0
156,58.43,gbp,2,0,0.0,43.645,0
156,82.5,gbp,3,0,0.0,48.57333333333333,0
156,57.15,gbp,3,0,0.0,57.055,0
156,38.99,gbp,4,0,0.0,57.074,0
156,74.07,gbp,4,0,0.0,54.06,0
156,22.16,gbp,4,0,0.0,56.91857142857143,0
156,26.13,gbp,5,0,0.0,52.573750000000004,0
156,46.78,gbp,6,0,0.0,49.635555555555555,0
156,36.12,gbp,6,0,0.0,49.35,0
156,24.31,gbp,6,0,0.0,48.14727272727273,0
156,26.18,gbp,6,0,0.0,46.16083333333333,0
156,27.65,gbp,7,0,0.0,44.623846153846145,0
156,92.25,gbp,8,0,0.0,43.411428571428566,0
156,22.93,gbp,8,0,0.0,46.667333333333325,0
156,53.03,gbp,8,0,0.0,45.18375,0
156,9.71,gbp,8,0,0.0,45.64529411764706,0
156,15.96,gbp,9,0,0.0,43.64888888888889,0
156,41.78,gbp,10,0,0.0,42.19157894736843,0
156,16.54,gbp,10,0,0.0,42.17100000000001,0
156,47.77,gbp,11,0,0.0,40.950476190476195,0
156,24.68,gbp,12,0,0.0,41.26045454545454,0
156,42.44,gbp,12,0,0.0,40.539565217391306,0
156,58.83,gbp,13,0,0.0,40.61875,0
156,69.05,gbp,13,0,0.0,41.347199999999994,0
156,25.36,gbp,13,0,0.0,42.412692307692296,0
156,21.11,gbp,14,0,0.0,41.7811111111111,0
156,52.76,gbp,14,0,0.0,41.04285714285713,0
156,33.87,gbp,15,0,0.0,41.44689655172412,0
157,38.84,usd,0,0,0.0,,0
157,48.98,usd,1,0,0.0,38.84,0
157,41.11,usd,2,0,0.0,43.91,0
157,42.98,usd,3,0,0.0,42.97666666666667,0
157,70.18,usd,4,0,0.0,42.9775,0
157,27.67,usd,4,0,0.0,48.418,0
157,50.77,usd,4,0,0.0,44.96,0
157,22.5,usd,5,0,0.0,45.79,0
157,54.92,usd,5,0,0.0,42.87875,0
157,32.32,usd,6,0,0.0,44.21666666666667,0
157,58.13,usd,6,0,0.0,43.027,0
157,45.11,usd,6,0,0.0,44.4,0
157,70.17,usd,7,0,0.0,44.45916666666667,0
157,32.15,usd,8,0,0.0,46.43692307692307,0
157,36.45,usd,8,1,32.15,45.41642857142857,0
157,36.49,usd,8,0,0.0,44.818666666666665,0
157,49.49,usd,9,0,0.0,44.298125,0
157,71.8,usd,9,0,0.0,44.603529411764704,0
157,13.92,usd,9,0,0.0,46.114444444444445,0
157,36.19,usd,10,0,0.0,44.419999999999995,0
157,37.42,usd,10,0,0.0,44.00849999999999,0
157,35.56,usd,11,0,0.0,43.6947619047619,0
157,32.09,usd,11,0,0.0,43.324999999999996,0
157,87.98,usd,11,0,0.0,42.83652173913043,0
157,32.1,usd,12,0,0.0,44.7175,0
157,42.4,usd,13,0,0.0,44.212799999999994,0
157,85.9,usd,13,0,0.0,44.143076923076926,0
157,23.69,usd,13,0,0.0,45.689629629629636,0
157,39.04,usd,14,0,0.0,44.90392857142858,0
157,36.12,usd,15,0,0.0,44.70172413793104,0
158,75.32,ngn,0,0,0.0,,0
158,73.12,ngn,1,0,0.0,75.32,0
158,38.28,ngn,2,0,0.0,74.22,0
158,57.58,ngn,2,0,0.0,62.24,0
158,61.33,ngn,3,0,0.0,61.075,0
158,37.8,ngn,3,0,0.0,61.126,0
158,41.58,ngn,3,0,0.0,57.23833333333334,0
158,70.11,ngn,3,1,41.58,55.00142857142857,0
158,68.01,ngn,4,0,0.0,56.89,0
158,30.71,ngn,4,0,0.0,58.12555555555556,0
158,30.88,ngn,5,0,0.0,55.384,1
158,16.91,ngn,5,0,0.0,53.156363636363636,0
158,48.27,ngn,6,0,0.0,50.13583333333333,0
158,46.81,ngn,7,0,0.0,49.99230769230769,0
158,46.44,ngn,7,0,0.0,49.765,0
158,23.01,ngn,8,0,0.0,49.54333333333334,0
158,45.44,ngn,9,0,0.0,47.88499999999999,0
158,42.45,ngn,9,0,0.0,47.74117647058823,0
158,47.44,ngn,10,0,0.0,47.44722222222222,0
158,50.52,ngn,11,0,0.0,47.44684210526316,0
158,72.63,ngn,11,0,0.0,47.6005,0
158,34.12,ngn,11,0,0.0,48.792380952380945,0
158,39.27,ngn,11,0,0.0,48.12545454545454,0
158,38.56,ngn,11,0,0.0,47.74043478260869,0
158,53.33,ngn,12,0,0.0,47.357916666666675,0
158,27.52,ngn,12,0,0.0,47.5968,0
158,73.02,ngn,13,0,0.0,46.824615384615385,0
158,53.89,ngn,14,0,0.0,47.79481481481481,0
158,93.32,ngn,15,0,0.0,48.0125,0
158,101.68,ngn,15,1,93.32,49.5748275862069,0
159,4.45,usd,0,0,0.0,,0
159,1.95,usd,1,0,0.0,4.45,0
159,5.47,usd,2,0,0.0,3.2,0
159,4.22,usd,3,0,0.0,3.956666666666667,0
159,7.58,usd,3,0,0.0,4.0225,0
159,8.51,usd,4,0,0.0,4.734,0
159,5.02,usd,4,0,0.0,5.363333333333333,0
159,15.32,usd,5,0,0.0,5.314285714285715,0
159,3.69,usd,5,0,0.0,6.5649999999999995,0
159,6.19,usd,6,0,0.0,6.245555555555555,0
159,9.08,usd,6,0,0.0,6.239999999999999,0
159,5.44,usd,6,0,0.0,6.498181818181817,0
159,9.97,usd,6,0,0.0,6.409999999999999,0
159,9.62,usd,7,0,0.0,6.683846153846153,0
159,14.72,usd,7,0,0.0,6.893571428571428,0
159,4.77,usd,7,0,0.0,7.415333333333333,0
159,6.1,usd,8,0,0.0,7.25,0
159,6.43,usd,8,0,0.0,7.18235294117647,0
159,8.63,usd,9,0,0.0,7.140555555555555,0
159,9.35,usd,9,1,8.63,7.218947368421053,0
159,10.46,usd,9,0,0.0,7.3255,0
159,5.05,usd,10,0,0.0,7.4747619047619045,0
159,5.5,usd,10,0,0.0,7.364545454545455,0
159,3.96,usd,10,0,0.0,7.283478260869566,1
159,11.28,usd,11,0,0.0,7.1450000000000005,0
159,3.75,usd,12,0,0.0,7.3104000000000005,0
159,4.97,usd,13,0,0.0,7.173461538461539,0
159,4.4,usd,14,0,0.0,7.091851851851852,0
159,8.67,usd,14,1,4.4,6.995714285714286,0
159,5.64,usd,14,0,0.0,7.05344827586207,0
160,6.8,gbp,0,0,0.0,,0
160,19.69,gbp,0,0,0.0,6.8,0
160,6.81,gbp,1,0,0.0,13.245000000000001,0
160,10.68,gbp,2,0,0.0,11.100000000000001,1
160,8.32,gbp,2,0,0.0,10.995000000000001,0
160,13.96,gbp,3,0,0.0,10.46,0
160,4.49,gbp,4,0,0.0,11.043333333333335,0
160,6.42,gbp,4,0,0.0,10.107142857142858,0
160,5.53,gbp,5,0,0.0,9.64625,0
160,21.09,gbp,5,0,0.0,9.18888888888889,0
160,17.3,gbp,5,0,0.0,10.379000000000001,0
160,6.78,gbp,6,0,0.0,11.008181818181818,0
160,6.64,gbp,6,0,0.0,10.655833333333334,0
160,11.29,gbp,6,0,0.0,10.346923076923076,0
160,6.46,gbp,7,0,0.0,10.414285714285713,0
160,8.02,gbp,8,0,0.0,10.150666666666666,0
160,10.12,gbp,9,0,0.0,10.0175,0
160,4.91,gbp,10,0,0.0,10.023529411764706,0
160,11.0,gbp,11,0,0.0,9.739444444444445,0
160,18.92,gbp,11,0,0.0,9.80578947368421,0
160,8.32,gbp,11,0,0.0,10.261500000000002,0
160,3.33,gbp,12,0,0.0,10.16904761904762,0
160,6.95,gbp,12,0,0.0,9.85818181818182,0
160,5.21,gbp,13,0,0.0,9.731739130434784,0
160,10.12,gbp,14,0,0.0,9.543333333333333,0
160,12.84,gbp,14,0,0.0,9.5664,0
160,11.24,gbp,15,0,0.0,9.692307692307692,0
160,34.6,gbp,16,0,0.0,9.74962962962963,0
160,5.75,gbp,16,0,0.0,10.637142857142859,0
160,11.72,gbp,17,0,0.0,10.468620689655173,0
161,6.18,xof,0,0,0.0,,0
161,4.81,xof,1,0,0.0,6.18,0
161,4.85,xof,1,1,4.81,5.494999999999999,0
161,10.97,xof,1,0,0.0,5.279999999999999,0
161,7.4,xof,2,0,0.0,6.7025,0
161,8.03,xof,3,0,0.0,6.8420000000000005,0
161,5.88,xof,3,0,0.0,7.04,0
161,4.13,xof,3,1,5.88,6.8742857142857146,1
161,4.53,xof,4,0,0.0,6.53125,0
161,8.31,xof,4,0,0.0,6.308888888888889,0
161,6.24,xof,5,0,0.0,6.509,0
161,3.02,xof,5,0,0.0,6.484545454545454,0
161,5.16,xof,5,1,3.02,6.195833333333333,0
161,7.6,xof,5,0,0.0,6.116153846153845,0
161,6.64,xof,6,0,0.0,6.222142857142856,0
161,3.36,xof,6,0,0.0,6.249999999999999,1
161,3.2,xof,7,0,0.0,6.069374999999999,0
161,3.87,xof,7,0,0.0,5.900588235294117,0
161,8.95,xof,7,0,0.0,5.7877777777777775,0
161,5.29,xof,8,0,0.0,5.954210526315789,0
161,6.53,xof,8,0,0.0,5.921,0
161,12.56,xof,9,0,0.0,5.95,0
161,5.6,xof,10,0,0.0,6.250454545454545,0
161,4.64,xof,10,0,0.0,6.222173913043478,0
161,4.12,xof,11,0,0.0,6.15625,0
161,6.51,xof,11,0,0.0,6.0748,0
161,3.71,xof,12,0,0.0,6.091538461538462,0
161,11.21,xof,12,0,0.0,6.003333333333334,0
161,6.19,xof,12,0,0.0,6.189285714285715,0
161,4.99,xof,13,0,0.0,6.189310344827587,0
162,4.92,xof,0,0,0.0,,0
162,6.07,xof,0,0,0.0,4.92,0
162,7.23,xof,1,0,0.0,5.495,0
162,7.29,xof,1,0,0.0,6.073333333333333,1
162,6.5,xof,1,0,0.0,6.3774999999999995,0
162,12.99,xof,2,0,0.0,6.401999999999999,0
162,14.22,xof,2,0,0.0,7.5,0
162,11.55,xof,2,0,0.0,8.459999999999999,0
162,14.67,xof,2,1,11.55,8.846250000000001,0
162,5.65,xof,3,0,0.0,9.493333333333334,0
162,8.53,xof,4,0,0.0,9.109000000000002,0
162,8.13,xof,5,0,0.0,9.056363636363638,0
162,7.53,xof,6,0,0.0,8.979166666666668,0
162,15.87,xof,6,0,0.0,8.867692307692309,0
162,14.03,xof,7,0,0.0,9.367857142857144,0
162,5.94,xof,7,0,0.0,9.678666666666667,0
162,16.15,xof,8,0,0.0,9.445,0
162,10.97,xof,9,0,0.0,9.839411764705883,0
162,11.91,xof,9,0,0.0,9.902222222222223,0
162,7.16,xof,10,0,0.0,10.007894736842106,0
162,11.74,xof,10,0,0.0,9.8655,0
162,26.47,xof,11,0,0.0,9.954761904761906,0
162,10.06,xof,12,0,0.0,10.705454545454545,0
162,19.3,xof,12,0,0.0,10.677391304347827,0
162,12.62,xof,13,0,0.0,11.036666666666667,0
162,6.9,xof,14,0,0.0,11.1,1
162,5.54,xof,14,0,0.0,10.938461538461537,0
162,6.23,xof,15,0,0.0,10.738518518518518,0
162,3.47,xof,15,0,0.0,10.5775,0
162,11.69,xof,15,0,0.0,10.33241379310345,0
163,19.09,ngn,0,0,0.0,,1
163,27.63,ngn,1,0,0.0,19.09,0
163,18.72,ngn,2,0,0.0,23.36,1
163,31.07,ngn,3,0,0.0,21.813333333333333,0
163,19.9,ngn,3,0,0.0,24.127499999999998,0
163,15.83,ngn,3,0,0.0,23.282,0
163,69.59,ngn,4,0,0.0,22.040000000000003,0
163,33.4,ngn,4,0,0.0,28.832857142857144,0
163,35.26,ngn,5,0,0.0,29.40375,0
163,14.02,ngn,6,0,0.0,30.054444444444446,1
163,12.25,ngn,6,0,0.0,28.451,0
163,19.45,ngn,7,0,0.0,26.978181818181817,0
163,24.38,ngn,8,0,0.0,26.35083333333333,0
163,34.41,ngn,9,0,0.0,26.199230769230766,0
163,20.22,ngn,9,0,0.0,26.785714285714285,0
163,16.75,ngn,9,0,0.0,26.348000000000003,0
163,27.2,ngn,9,0,0.0,25.748125,0
163,59.02,ngn,10,0,0.0,25.833529411764708,0
163,17.39,ngn,11,0,0.0,27.677222222222223,0
163,10.64,ngn,11,0,0.0,27.135789473684213,0
163,27.64,ngn,11,0,0.0,26.311,0
163,41.73,ngn,12,0,0.0,26.374285714285715,0
163,22.27,ngn,12,0,0.0,27.07227272727273,0
163,14.15,ngn,12,0,0.0,26.863478260869567,0
163,19.58,ngn,13,0,0.0,26.33375,0
163,11.1,ngn,13,0,0.0,26.0636,0
163,15.21,ngn,13,0,0.0,25.488076923076925,0
163,14.5,ngn,14,0,0.0,25.10740740740741,0
163,26.93,ngn,15,0,0.0,24.72857142857143,0
163,37.07,ngn,15,0,0.0,24.80448275862069,0
164,19.22,usd,0,0,0.0,,0
164,16.56,usd,1,0,0.0,19.22,0
164,31.84,usd,1,0,0.0,17.89,0
164,17.52,usd,1,0,0.0,22.540000000000003,0
164,21.11,usd,2,0,0.0,21.285,0
164,61.68,usd,2,0,0.0,21.25,0
164,27.7,usd,3,0,0.0,27.988333333333333,0
164,17.69,usd,3,0,0.0,27.947142857142858,0
164,71.93,usd,4,0,0.0,26.665,0
164,18.23,usd,4,0,0.0,31.694444444444443,0
164,28.56,usd,5,0,0.0,30.348000000000003,0
164,15.62,usd,5,0,0.0,30.185454545454547,1
164,35.98,usd,6,0,0.0,28.971666666666668,0
164,29.51,usd,6,0,0.0,29.510769230769235,0
164,27.16,usd,7,0,0.0,29.51071428571429,0
164,19.77,usd,8,0,0.0,29.354000000000003,0
164,29.91,usd,9,0,0.0,28.755,0
164,25.4,usd,9,0,0.0,28.82294117647059,0
164,41.95,usd,10,0,0.0,28.632777777777775,0
164,15.0,usd,10,0,0.0,29.333684210526318,0
164,45.17,usd,10,0,0.0,28.617,0
164,15.46,usd,11,0,0.0,29.405238095238094,1
164,42.21,usd,11,0,0.0,28.77136363636364,0
164,26.82,usd,11,0,0.0,29.355652173913047,0
164,15.77,usd,11,0,0.0,29.25,0
164,36.02,usd,11,0,0.0,28.7108,0
164,12.61,usd,12,0,0.0,28.991923076923076,0
164,49.35,usd,13,0,0.0,28.385185185185183,0
164,22.27,usd,14,0,0.0,29.133928571428573,0
164,20.92,usd,14,0,0.0,28.897241379310344,0
165,330.58,gbp,0,0,0.0,,0
165,65.52,gbp,1,0,0.0,330.58,0
165,48.23,gbp,1,0,0.0,198.04999999999998,0
165,37.5,gbp,1,0,0.0,148.10999999999999,0
165,50.41,gbp,2,0,0.0,120.4575,0
165,46.31,gbp,2,0,0.0,106.44800000000001,0
165,81.75,gbp,2,0,0.0,96.425,0
165,91.64,gbp,3,0,0.0,94.32857142857142,0
165,112.42,gbp,3,0,0.0,93.99249999999999,0
165,170.8,gbp,4,0,0.0,96.03999999999999,0
165,150.49,gbp,4,0,0.0,103.51599999999999,0
165,81.47,gbp,5,0,0.0,107.78636363636362,0
165,27.58,gbp,5,0,0.0,105.59333333333332,0
165,123.13,gbp,6,0,0.0,99.59230769230768,0
165,40.93,gbp,7,0,0.0,101.27357142857143,0
165,76.2,gbp,8,0,0.0,97.25066666666666,0
165,96.34,gbp,8,0,0.0,95.935,0
165,290.87,gbp,9,0,0.0,95.95882352941176,0
165,58.3,gbp,9,0,0.0,106.78722222222223,0
165,156.27,gbp,9,0,0.0,104.23526315789474,0
165,65.65,gbp,10,0,0.0,106.83700000000002,0
165,148.13,gbp,11,0,0.0,104.8757142857143,0
165,81.27,gbp,12,0,0.0,106.8418181818182,0
165,140.63,gbp,12,0,0.0,105.73000000000002,0
165,190.58,gbp,12,0,0.0,107.18416666666667,0
165,64.48,gbp,13,0,0.0,110.52,0
165,94.14,gbp,13,0,0.0,108.74923076923076,0
165,79.16,gbp,13,0,0.0,108.20814814814814,0
165,85.62,gbp,14,0,0.0,107.17071428571428,0
165,71.63,gbp,14,0,0.0,106.42758620689654,0
166,30.07,usd,0,0,0.0,,0
166,30.92,usd,0,0,0.0,30.07,0
166,22.47,usd,1,0,0.0,30.495,0
166,29.33,usd,1,0,0.0,27.820000000000004,0
166,33.1,usd,2,0,0.0,28.1975,0
166,12.82,usd,2,0,0.0,29.178000000000004,0
166,8.66,usd,3,0,0.0,26.451666666666668,0
166,47.39,usd,3,0,0.0,23.91,0
166,54.17,usd,4,0,0.0,26.845,0
166,9.91,usd,5,0,0.0,29.88111111111111,0
166,22.0,usd,5,0,0.0,27.884000000000004,0
166,30.17,usd,5,0,0.0,27.34909090909091,0
166,21.23,usd,6,0,0.0,27.584166666666672,0
166,11.92,usd,7,0,0.0,27.09538461538462,0
166,31.89,usd,7,0,0.0,26.011428571428578,0
166,23.65,usd,8,0,0.0,26.40333333333334,0
166,42.24,usd,8,0,0.0,26.23125,0
166,12.44,usd,9,0,0.0,27.172941176470587,0
166,27.14,usd,9,0,0.0,26.354444444444443,0
166,58.6,usd,10,0,0.0,26.39578947368421,0
166,26.54,usd,11,0,0.0,28.006,0
166,26.06,usd,11,0,0.0,27.936190476190475,0
166,16.67,usd,12,0,0.0,27.850909090909088,0
166,43.66,usd,13,0,0.0,27.364782608695645,0
166,18.98,usd,13,0,0.0,28.04375,0
166,20.03,usd,13,0,0.0,27.6812,0
166,39.81,usd,14,0,0.0,27.386923076923075,0
166,31.12,usd,14,0,0.0,27.847037037037033,0
166,23.19,usd,14,0,0.0,27.963928571428568,0
166,14.38,usd,15,0,0.0,27.799310344827585,0
167,6.35,eur,0,0,0.0,,0
167,5.81,eur,1,0,0.0,6.35,0
167,6.97,eur,1,0,0.0,6.08,0
167,9.88,eur,2,0,0.0,6.376666666666666,0
167,6.44,eur,2,0,0.0,7.2524999999999995,0
167,2.26,eur,3,0,0.0,7.089999999999999,0
167,5.29,eur,3,0,0.0,6.284999999999999,0
167,3.96,eur,4,0,0.0,6.1428571428571415,0
167,7.85,eur,5,0,0.0,5.87,0
167,4.36,eur,5,0,0.0,6.09,0
167,10.67,eur,5,0,0.0,5.917,0
167,2.01,eur,6,0,0.0,6.34909090909091,0
167,4.51,eur,6,0,0.0,5.987500000000001,0
167,9.49,eur,7,0,0.0,5.873846153846155,0
167,5.74,eur,8,0,0.0,6.132142857142858,0
167,5.27,eur,8,0,0.0,6.106,0
167,8.4,eur,8,0,0.0,6.05375,0
167,8.17,eur,8,0,0.0,6.1917647058823535,0
167,5.15,eur,9,0,0.0,6.301666666666667,0
167,2.56,eur,9,0,0.0,6.241052631578948,0
167,7.03,eur,10,0,0.0,6.057,0
167,8.67,eur,11,0,0.0,6.103333333333334,0
167,9.43,eur,12,0,0.0,6.22,0
167,4.46,eur,12,0,0.0,6.359565217391305,0
167,3.73,eur,12,0,0.0,6.280416666666667,0
167,9.41,eur,12,0,0.0,6.1784,0
167,4.88,eur,13,0,0.0,6.302692307692308,0
167,4.48,eur,13,0,0.0,6.25,0
167,2.19,eur,14,0,0.0,6.186785714285714,0
167,2.72,eur,15,0,0.0,6.0489655172413785,0
168,18.53,usd,0,0,0.0,,0
168,78.12,usd,0,0,0.0,18.53,0
168,46.0,usd,0,0,0.0,48.325,0
168,53.01,usd,0,0,0.0,47.550000000000004,0
168,54.65,usd,1,0,0.0,48.915,0
168,38.53,usd,2,0,0.0,50.062,0
168,26.36,usd,3,0,0.0,48.14000000000001,0
168,52.96,usd,3,0,0.0,45.02857142857143,0
168,57.27,usd,3,0,0.0,46.019999999999996,0
168,35.75,usd,3,0,0.0,47.269999999999996,0
168,55.58,usd,3,0,0.0,46.117999999999995,0
168,26.86,usd,3,0,0.0,46.97818181818182,0
168,42.54,usd,4,0,0.0,45.30166666666667,0
168,31.53,usd,4,0,0.0,45.08923076923077,0
168,12.98,usd,5,0,0.0,44.12071428571428,0
168,55.04,usd,5,0,0.0,42.044666666666664,0
168,77.81,usd,5,0,0.0,42.856875,0
168,41.08,usd,6,0,0.0,44.91294117647059,0
168,32.86,usd,7,0,0.0,44.7,0
168,92.29,usd,7,0,0.0,44.07684210526316,0
168,33.06,usd,8,0,0.0,46.4875,0
168,39.54,usd,8,0,0.0,45.84809523809523,0
168,32.62,usd,9,0,0.0,45.56136363636363,0
168,31.32,usd,9,0,0.0,44.99869565217391,0
168,85.94,usd,9,1,31.32,44.42875,0
168,161.91,usd,10,0,0.0,46.0892,0
168,34.29,usd,10,0,0.0,50.54384615384616,0
168,64.99,usd,10,0,0.0,49.94185185185185,0
168,69.12,usd,11,0,0.0,50.479285714285716,0
168,71.4,usd,12,0,0.0,51.122068965517244,0
169,7.27,eur,0,0,0.0,,0
169,41.47,eur,0,0,0.0,7.27,0
169,14.88,eur,1,0,0.0,24.369999999999997,0
169,28.51,eur,1,0,0.0,21.206666666666667,0
169,18.25,eur,2,0,0.0,23.0325,0
169,8.94,eur,2,0,0.0,22.076,0
169,12.01,eur,2,0,0.0,19.886666666666667,0
169,5.68,eur,2,0,0.0,18.76142857142857,0
169,15.48,eur,3,0,0.0,17.12625,0
169,22.21,eur,4,0,0.0,16.94333333333333,0
169,11.06,eur,4,0,0.0,17.47,0
169,12.45,eur,5,0,0.0,16.887272727272727,0
169,8.0,eur,5,0,0.0,16.5175,0
169,16.49,eur,6,0,0.0,15.862307692307692,0
169,14.98,eur,7,0,0.0,15.907142857142857,0
169,11.06,eur,7,0,0.0,15.845333333333333,0
169,10.5,eur,8,0,0.0,15.54625,0
169,10.47,eur,8,0,0.0,15.249411764705883,0
169,20.05,eur,9,0,0.0,14.983888888888892,0
169,6.27,eur,9,0,0.0,15.250526315789477,0
169,10.77,eur,10,0,0.0,14.8015,0
169,16.36,eur,10,0,0.0,14.609523809523811,0
169,8.01,eur,10,0,0.0,14.68909090909091,0
169,32.95,eur,11,0,0.0,14.398695652173913,0
169,12.13,eur,11,0,0.0,15.171666666666667,0
169,24.7,eur,12,0,0.0,15.05,0
169,15.48,eur,12,0,0.0,15.421153846153846,0
169,8.74,eur,13,0,0.0,15.423333333333334,0
169,21.42,eur,13,0,0.0,15.184642857142858,0
169,15.95,eur,14,0,0.0,15.399655172413794,0
170,4.4,ngn,0,0,0.0,,0
170,7.33,ngn,1,0,0.0,4.4,0
170,5.87,ngn,2,0,0.0,5.865,0
170,11.23,ngn,2,0,0.0,5.866666666666667,0
170,4.7,ngn,2,0,0.0,7.2075000000000005,0
170,5.53,ngn,3,0,0.0,6.706,0
170,8.58,ngn,3,0,0.0,6.510000000000001,0
170,24.17,ngn,4,0,0.0,6.805714285714286,0
170,12.92,ngn,5,0,0.0,8.97625,1
170,26.54,ngn,5,0,0.0,9.414444444444445,0
170,11.06,ngn,6,0,0.0,11.127,0
170,6.25,ngn,7,0,0.0,11.120909090909093,0
170,13.72,ngn,7,0,0.0,10.715000000000002,0
170,12.1,ngn,8,0,0.0,10.946153846153846,0
170,16.45,ngn,8,0,0.0,11.028571428571428,0
170,6.64,ngn,8,1,16.45,11.389999999999999,0
170,3.78,ngn,9,0,0.0,11.093125,1
170,2.59,ngn,9,0,0.0,10.66294117647059,0
170,11.22,ngn,10,0,0.0,10.214444444444446,0
170,4.99,ngn,11,0,0.0,10.267368421052632,0
170,11.93,ngn,11,0,0.0,10.0035,0
170,12.55,ngn,12,0,0.0,10.095238095238097,0
170,8.94,ngn,12,0,0.0,10.206818181818184,0
170,11.32,ngn,13,0,0.0,10.151739130434784,0
170,5.31,ngn,13,0,0.0,10.200416666666667,0
170,12.26,ngn,14,0,0.0,10.0048,0
170,8.39,ngn,15,0,0.0,10.09153846153846,0
170,7.26,ngn,16,0,0.0,10.028518518518517,0
170,5.57,ngn,17,0,0.0,9.929642857142856,0
170,5.57,ngn,17,1,5.57,9.779310344827586,0
171,118.54,gbp,0,0,0.0,,0
171,194.79,gbp,0,0,0.0,118.54,1
171,15.22,gbp,1,0,0.0,156.665,1
171,11.85,gbp,1,1,15.22,109.51666666666667,0
171,17.39,gbp,1,0,0.0,85.10000000000001,0
171,14.42,gbp,1,1,17.39,71.558,0
171,12.2,gbp,1,0,0.0,62.035000000000004,0
171,11.95,gbp,1,0,0.0,54.91571428571429,0
171,26.51,gbp,2,0,0.0,49.544999999999995,1
171,26.9,gbp,2,0,0.0,46.98555555555555,1
171,18.26,gbp,2,1,26.9,44.97699999999999,1
171,7.34,gbp,3,0,0.0,42.54818181818181,1
171,90.07,gbp,3,0,0.0,39.614166666666655,0
171,90.45,gbp,4,0,0.0,43.4953846153846,1
171,35.19,gbp,4,0,0.0,46.849285714285706,0
171,65.16,gbp,5,0,0.0,46.071999999999996,0
171,60.14,gbp,6,0,0.0,47.265,1
171,10.63,gbp,6,1,60.14,48.02235294117647,0
171,62.07,gbp,6,0,0.0,45.945,0
171,15.01,gbp,6,1,62.07,46.793684210526315,0
171,335.08,gbp,7,0,0.0,45.2045,0
171,10.7,gbp,7,1,335.08,59.008095238095244,0
171,23.89,gbp,7,0,0.0,56.812272727272735,0
171,72.9,gbp,8,0,0.0,55.3808695652174,0
171,14.1,gbp,8,0,0.0,56.110833333333325,0
171,28.63,gbp,9,0,0.0,54.43039999999999,1
171,15.34,gbp,10,0,0.0,53.43807692307692,1
171,23.14,gbp,10,0,0.0,52.027037037037026,0
171,85.7,gbp,11,0,0.0,50.99535714285714,0
171,23.98,gbp,11,0,0.0,52.19206896551724,0
172,11.38,gbp,0,0,0.0,,1
172,9.17,gbp,1,0,0.0,11.38,0
172,14.05,gbp,2,0,0.0,10.275,0
172,22.32,gbp,2,0,0.0,11.533333333333333,0
172,12.42,gbp,2,0,0.0,14.23,0
172,6.89,gbp,3,0,0.0,13.868,0
172,14.58,gbp,3,0,0.0,12.705,0
172,11.0,gbp,4,0,0.0,12.972857142857142,0
172,11.17,gbp,4,0,0.0,12.72625,0
172,8.57,gbp,5,0,0.0,12.553333333333335,0
172,20.03,gbp,6,0,0.0,12.155000000000001,0
172,18.59,gbp,6,0,0.0,12.870909090909093,0
172,14.8,gbp,7,0,0.0,13.347500000000002,0
172,4.51,gbp,7,0,0.0,13.459230769230771,0
172,7.88,gbp,8,0,0.0,12.820000000000002,0
172,4.94,gbp,9,0,0.0,12.490666666666668,0
172,7.26,gbp,9,0,0.0,12.01875,0
172,4.5,gbp,10,0,0.0,11.738823529411764,0
172,7.96,gbp,10,0,0.0,11.336666666666666,0
172,13.07,gbp,11,0,0.0,11.158947368421053,0
172,17.55,gbp,11,0,0.0,11.2545,0
172,10.68,gbp,12,0,0.0,11.554285714285715,0
172,10.54,gbp,13,0,0.0,11.514545454545456,0
172,9.13,gbp,14,0,0.0,11.472173913043479,0
172,20.8,gbp,14,0,0.0,11.374583333333334,1
172,4.94,gbp,14,0,0.0,11.751600000000002,0
172,11.63,gbp,14,0,0.0,11.489615384615385,0
172,5.67,gbp,15,0,0.0,11.494814814814815,0
172,7.77,gbp,16,0,0.0,11.286785714285715,0
172,7.82,gbp,16,0,0.0,11.16551724137931,0
173,23.42,gbp,0,0,0.0,,0
173,31.1,gbp,1,0,0.0,23.42,0
173,28.7,gbp,1,0,0.0,27.26,0
173,44.53,gbp,2,0,0.0,27.74,0
173,36.84,gbp,3,0,0.0,31.9375,0
173,10.59,gbp,4,0,0.0,32.918,0
173,20.82,gbp,4,0,0.0,29.19666666666667,0
173,16.26,gbp,4,1,20.82,28.0,0
173,35.54,gbp,4,0,0.0,26.5325,0
173,17.64,gbp,5,0,0.0,27.53333333333333,0
173,28.86,gbp,5,0,0.0,26.544,0
173,12.84,gbp,6,0,0.0,26.754545454545454,0
173,8.68,gbp,7,0,0.0,25.595,0
173,41.76,gbp,8,0,0.0,24.293846153846154,0
173,24.94,gbp,8,0,0.0,25.541428571428572,0
173,10.31,gbp,8,0,0.0,25.50133333333333,0
173,12.72,gbp,9,0,0.0,24.551875000000003,0
173,33.04,gbp,9,0,0.0,23.85588235294118,0
173,33.43,gbp,10,0,0.0,24.366111111111117,0
173,27.45,gbp,10,0,0.0,24.843157894736848,0
173,48.12,gbp,11,0,0.0,24.973500000000005,0
173,40.08,gbp,11,0,0.0,26.075714285714287,0
173,10.56,gbp,11,0,0.0,26.71227272727273,0
173,37.18,gbp,12,0,0.0,26.01,0
173,5.92,gbp,13,0,0.0,26.475416666666664,0
173,25.35,gbp,14,0,0.0,25.6532,0
173,27.98,gbp,14,0,0.0,25.64153846153846,0
173,28.64,gbp,14,0,0.0,25.728148148148147,0
173,50.2,gbp,15,0,0.0,25.832142857142856,0
173,8.95,gbp,15,0,0.0,26.67241379310345,0
174,12.17,xof,0,0,0.0,,1
174,21.14,xof,0,0,0.0,12.17,0
174,51.7,xof,1,0,0.0,16.655,0
174,23.11,xof,2,0,0.0,28.33666666666667,0
174,20.73,xof,2,0,0.0,27.03,0
174,9.48,xof,3,0,0.0,25.77,0
174,25.23,xof,4,0,0.0,23.054999999999996,1
174,30.45,xof,4,0,0.0,23.365714285714283,0
174,23.5,xof,5,0,0.0,24.25125,0
174,12.54,xof,6,0,0.0,24.167777777777776,0
174,28.55,xof,7,0,0.0,23.005,0
174,27.51,xof,7,0,0.0,23.509090909090904,0
174,47.5,xof,8,0,0.0,23.842499999999998,0
174,22.46,xof,9,0,0.0,25.66230769230769,0
174,8.22,xof,9,0,0.0,25.433571428571423,0
174,38.59,xof,9,0,0.0,24.285999999999998,0
174,43.45,xof,10,0,0.0,25.18,0
174,49.5,xof,11,0,0.0,26.25470588235294,0
174,13.27,xof,11,0,0.0,27.54611111111111,0
174,25.52,xof,11,0,0.0,26.794736842105262,0
174,57.09,xof,12,0,0.0,26.731,0
174,42.41,xof,13,0,0.0,28.17666666666667,0
174,34.05,xof,13,0,0.0,28.823636363636364,0
174,68.99,xof,14,0,0.0,29.05086956521739,0
174,43.69,xof,14,0,0.0,30.715000000000003,0
174,52.03,xof,14,0,0.0,31.234000000000005,0
174,16.82,xof,15,0,0.0,32.033846153846156,0
174,12.59,xof,15,0,0.0,31.470370370370375,0
174,25.66,xof,16,0,0.0,30.796071428571434,0
174,24.09,xof,17,0,0.0,30.618965517241385,0
175,15.72,xof,0,0,0.0,,0
175,8.28,xof,0,0,0.0,15.72,1
175,15.03,xof,0,0,0.0,12.0,0
175,17.32,xof,0,1,15.03,13.01,0
175,35.13,xof,1,0,0.0,14.0875,0
175,23.25,xof,1,0,0.0,18.296,0
175,13.83,xof,2,0,0.0,19.121666666666666,1
175,30.1,xof,3,0,0.0,18.365714285714287,0
175,17.97,xof,3,0,0.0,19.8325,0
175,20.86,xof,4,0,0.0,19.625555555555554,0
175,27.45,xof,5,0,0.0,19.749000000000002,0
175,17.01,xof,6,0,0.0,20.44909090909091,0
175,32.24,xof,6,0,0.0,20.162499999999998,0
175,21.71,xof,7,0,0.0,21.091538461538462,0
175,40.08,xof,8,0,0.0,21.135714285714283,0
175,20.61,xof,9,0,0.0,22.398666666666664,0
175,9.78,xof,10,0,0.0,22.286875000000002,0
175,32.0,xof,10,0,0.0,21.551176470588235,0
175,23.27,xof,11,0,0.0,22.131666666666668,0
175,46.33,xof,11,0,0.0,22.19157894736842,0
175,20.77,xof,11,0,0.0,23.3985,0
175,22.85,xof,12,0,0.0,23.27333333333333,0
175,22.78,xof,12,0,0.0,23.25409090909091,0
175,23.0,xof,13,0,0.0,23.233478260869564,0
175,16.95,xof,13,0,0.0,23.22375,0
175,26.77,xof,13,1,16.95,22.972800000000003,0
175,23.85,xof,14,0,0.0,23.118846153846157,0
175,49.85,xof,15,0,0.0,23.145925925925926,0
175,23.32,xof,16,0,0.0,24.09964285714286,0
175,45.83,xof,16,0,0.0,24.072758620689658,0
176,10.96,eur,0,0,0.0,,0
176,20.53,eur,0,0,0.0,10.96,0
176,10.41,eur,1,0,0.0,15.745000000000001,0
176,22.12,eur,1,0,0.0,13.966666666666669,0
176,22.06,eur,2,0,0.0,16.005000000000003,0
176,11.2,eur,3,0,0.0,17.216,0
176,8.03,eur,3,0,0.0,16.213333333333335,0
176,31.04,eur,4,0,0.0,15.044285714285717,0
176,22.71,eur,4,0,0.0,17.043750000000003,1
176,18.32,eur,4,0,0.0,17.673333333333336,1
176,10.22,eur,5,0,0.0,17.738000000000003,0
176,14.68,eur,6,0,0.0,17.05454545454546,0
176,18.02,eur,6,0,0.0,16.85666666666667,0
176,7.13,eur,7,0,0.0,16.946153846153848,0
176,31.49,eur,7,0,0.0,16.245,0
176,27.06,eur,7,1,31.49,17.261333333333333,0
176,37.13,eur,8,0,0.0,17.87375,0
176,20.57,eur,8,0,0.0,19.006470588235295,0
176,26.85,eur,9,0,0.0,19.093333333333334,0
176,19.6,eur,9,0,0.0,19.501578947368422,0
176,36.42,eur,9,0,0.0,19.506500000000003,0
176,21.17,eur,10,0,0.0,20.311904761904763,0
176,23.29,eur,10,0,0.0,20.350909090909095,0
176,30.76,eur,10,0,0.0,20.47869565217392,0
176,23.0,eur,11,0,0.0,20.907083333333333,0
176,26.3,eur,12,0,0.0,20.9908,0
176,4.93,eur,12,0,0.0,21.194999999999997,0
176,29.48,eur,13,0,0.0,20.592592592592588,0
176,12.26,eur,13,0,0.0,20.909999999999997,0
176,9.97,eur,13,0,0.0,20.61172413793103,0
177,19.9,ngn,0,0,0.0,,0
177,10.76,ngn,1,0,0.0,19.9,0
177,16.02,ngn,1,0,0.0,15.329999999999998,0
177,22.39,ngn,2,0,0.0,15.559999999999997,0
177,16.96,ngn,2,0,0.0,17.2675,0
177,20.55,ngn,3,0,0.0,17.206,0
177,11.56,ngn,3,0,0.0,17.763333333333332,0
177,38.97,ngn,4,0,0.0,16.877142857142857,0
177,9.86,ngn,4,0,0.0,19.63875,1
177,17.07,ngn,5,0,0.0,18.552222222222227,0
177,6.11,ngn,6,0,0.0,18.404000000000003,0
177,20.01,ngn,6,0,0.0,17.28636363636364,0
177,11.04,ngn,7,0,0.0,17.513333333333335,0
177,29.92,ngn,7,0,0.0,17.015384615384615,0
177,8.36,ngn,8,0,0.0,17.937142857142856,0
177,18.37,ngn,8,0,0.0,17.29866666666667,0
177,26.47,ngn,8,0,0.0,17.365625,0
177,11.72,ngn,9,0,0.0,17.90117647058824,0
177,41.76,ngn,10,0,0.0,17.557777777777783,0
177,17.55,ngn,10,0,0.0,18.831578947368424,0
177,14.14,ngn,11,0,0.0,18.767500000000005,0
177,26.72,ngn,12,0,0.0,18.54714285714286,0
177,13.66,ngn,12,0,0.0,18.918636363636367,0
177,35.72,ngn,12,0,0.0,18.69,0
177,10.8,ngn,13,0,0.0,19.399583333333336,0
177,16.08,ngn,13,0,0.0,19.055600000000002,0
177,14.63,ngn,13,0,0.0,18.941153846153846,0
177,20.09,ngn,14,0,0.0,18.78148148148148,0
177,12.06,ngn,15,0,0.0,18.82821428571429,0
177,19.41,ngn,15,0,0.0,18.594827586206897,0
178,189.12,xof,0,0,0.0,,0
178,133.4,xof,1,0,0.0,189.12,0
178,103.12,xof,1,0,0.0,161.26,0
178,278.96,xof,1,0,0.0,141.88,0
178,273.89,xof,1,0,0.0,176.14999999999998,0
178,226.68,xof,2,0,0.0,195.69799999999998,0
178,106.68,xof,3,0,0.0,200.86166666666665,0
178,207.91,xof,3,0,0.0,187.40714285714284,1
178,102.19,xof,4,0,0.0,189.97,0
178,161.61,xof,5,0,0.0,180.21666666666667,0
178,36.23,xof,5,0,0.0,178.356,0
178,236.95,xof,5,0,0.0,165.43545454545455,0
178,197.15,xof,6,0,0.0,171.39499999999998,0
178,111.18,xof,6,0,0.0,173.37615384615384,0
178,178.49,xof,6,0,0.0,168.9335714285714,0
178,106.33,xof,7,0,0.0,169.57066666666663,0
178,63.49,xof,7,0,0.0,165.618125,0
178,172.44,xof,8,0,0.0,159.6105882352941,0
178,82.21,xof,8,0,0.0,160.32333333333332,1
178,127.95,xof,9,0,0.0,156.2121052631579,0
178,99.44,xof,9,0,0.0,154.79899999999998,0
178,155.55,xof,10,0,0.0,152.16285714285712,0
178,103.19,xof,10,0,0.0,152.31681818181818,0
178,332.71,xof,10,0,0.0,150.1808695652174,0
178,116.4,xof,11,0,0.0,157.78625,0
178,107.65,xof,11,0,0.0,156.1308,0
178,161.39,xof,12,0,0.0,154.26615384615386,0
178,210.54,xof,12,0,0.0,154.53,0
178,157.02,xof,13,0,0.0,156.53035714285716,0
178,119.47,xof,14,0,0.0,156.54724137931038,0
179,13.07,usd,0,0,0.0,,0
179,6.37,usd,1,0,0.0,13.07,0
179,4.15,usd,1,0,0.0,9.72,0
179,12.33,usd,1,0,0.0,7.863333333333334,0
179,18.52,usd,2,0,0.0,8.98,0
179,4.07,usd,2,0,0.0,10.888,0
179,7.46,usd,3,0,0.0,9.751666666666667,0
179,8.38,usd,3,0,0.0,9.424285714285714,0
179,10.0,usd,4,0,0.0,9.29375,0
179,14.75,usd,4,0,0.0,9.372222222222222,0
179,12.08,usd,5,0,0.0,9.91,0
179,9.34,usd,5,0,0.0,10.107272727272727,0
179,15.39,usd,6,0,0.0,10.043333333333333,0
179,7.49,usd,6,0,0.0,10.454615384615384,0
179,10.18,usd,6,1,7.49,10.242857142857144,0
179,22.75,usd,7,0,0.0,10.238666666666667,0
179,9.11,usd,7,0,0.0,11.020625,0
179,17.1,usd,8,0,0.0,10.908235294117647,1
179,10.13,usd,9,0,0.0,11.252222222222223,0
179,16.4,usd,9,0,0.0,11.193157894736842,0
179,7.6,usd,10,0,0.0,11.4535,0
179,19.58,usd,11,0,0.0,11.27,0
179,7.0,usd,11,0,0.0,11.647727272727273,0
179,21.71,usd,12,0,0.0,11.445652173913043,0
179,13.74,usd,12,0,0.0,11.873333333333335,0
179,3.24,usd,13,0,0.0,11.948000000000002,0
179,28.36,usd,14,0,0.0,11.613076923076925,0
179,12.89,usd,14,0,0.0,12.233333333333336,0
179,3.17,usd,15,0,0.0,12.256785714285716,0
179,19.76,usd,16,0,0.0,11.943448275862071,0
180,55.65,gbp,0,0,0.0,,0
180,63.63,gbp,1,0,0.0,55.65,0
180,88.79,gbp,2,0,0.0,59.64,0
180,44.84,gbp,3,0,0.0,69.35666666666667,0
180,84.24,gbp,3,0,0.0,63.2275,0
180,35.81,gbp,4,0,0.0,67.42999999999999,0
180,58.43,gbp,4,0,0.0,62.16,0
180,24.37,gbp,4,0,0.0,61.62714285714286,0
180,38.37,gbp,5,0,0.0,56.97,0
180,66.81,gbp,6,0,0.0,54.903333333333336,0
180,61.95,gbp,6,0,0.0,56.09400000000001,0
180,31.56,gbp,7,0,0.0,56.62636363636364,0
180,64.3,gbp,7,0,0.0,54.5375,0
180,28.96,gbp,7,0,0.0,55.28846153846154,0
180,39.88,gbp,7,0,0.0,53.40785714285715,0
180,82.86,gbp,8,0,0.0,52.506,0
180,79.21,gbp,8,0,0.0,54.403125,0
180,38.21,gbp,9,0,0.0,55.862352941176475,0
180,65.23,gbp,9,0,0.0,54.881666666666675,0
180,51.08,gbp,10,0,0.0,55.42631578947369,0
180,28.69,gbp,11,0,0.0,55.209,0
180,58.82,gbp,11,0,0.0,53.94619047619048,0
180,22.08,gbp,12,0,0.0,54.16772727272728,0
180,65.18,gbp,12,0,0.0,52.772608695652174,0
180,110.05,gbp,13,0,0.0,53.28958333333333,0
180,22.37,gbp,13,0,0.0,55.56,0
180,40.3,gbp,13,0,0.0,54.28346153846154,0
180,53.3,gbp,14,0,0.0,53.76555555555555,0
180,44.11,gbp,14,0,0.0,53.748928571428564,0
180,34.47,gbp,15,0,0.0,53.41655172413792,0
181,17.76,usd,0,0,0.0,,0
181,55.3,usd,1,0,0.0,17.76,0
181,18.25,usd,1,0,0.0,36.53,0
181,14.22,usd,2,0,0.0,30.436666666666667,0
181,10.79,usd,2,0,0.0,26.3825,0
181,19.3,usd,3,0,0.0,23.264,0
181,9.48,usd,3,0,0.0,22.603333333333335,0
181,24.81,usd,4,0,0.0,20.728571428571428,0
181,22.15,usd,4,0,0.0,21.23875,0
181,23.26,usd,4,0,0.0,21.34,0
181,28.33,usd,5,0,0.0,21.532,0
181,19.56,usd,6,0,0.0,22.15,0
181,29.65,usd,6,0,0.0,21.934166666666666,0
181,14.52,usd,7,0,0.0,22.527692307692305,0
181,16.83,usd,7,0,0.0,21.955714285714283,0
181,18.11,usd,8,0,0.0,21.613999999999994,0
181,20.05,usd,8,1,18.11,21.395,0
181,28.61,usd,9,0,0.0,21.315882352941177,0
181,21.72,usd,9,0,0.0,21.721111111111114,0
181,13.32,usd,10,0,0.0,21.72105263157895,0
181,33.14,usd,11,0,0.0,21.301000000000002,0
181,17.57,usd,12,0,0.0,21.864761904761906,0
181,25.89,usd,12,0,0.0,21.669545454545457,0
181,20.38,usd,13,0,0.0,21.85304347826087,0
181,21.7,usd,14,0,0.0,21.791666666666668,0
181,50.45,usd,14,0,0.0,21.788,0
181,29.02,usd,15,0,0.0,22.89038461538462,0
181,18.52,usd,16,0,0.0,23.11740740740741,0
181,48.06,usd,16,0,0.0,22.95321428571429,0
181,9.46,usd,17,0,0.0,23.81896551724138,0
182,19.93,usd,0,0,0.0,,0
182,10.19,usd,1,0,0.0,19.93,0
182,11.01,usd,1,0,0.0,15.059999999999999,0
182,21.94,usd,1,0,0.0,13.709999999999999,0
182,18.05,usd,2,0,0.0,15.767499999999998,1
182,14.23,usd,2,0,0.0,16.223999999999997,0
182,23.81,usd,3,0,0.0,15.891666666666666,0
182,14.31,usd,3,0,0.0,17.02285714285714,0
182,27.01,usd,4,0,0.0,16.68375,0
182,15.29,usd,4,0,0.0,17.83111111111111,0
182,44.52,usd,5,0,0.0,17.576999999999998,0
182,16.45,usd,5,0,0.0,20.026363636363637,0
182,17.55,usd,6,0,0.0,19.72833333333333,0
182,22.02,usd,6,0,0.0,19.560769230769232,0
182,11.72,usd,7,0,0.0,19.736428571428572,0
182,14.25,usd,8,0,0.0,19.202,0
182,33.51,usd,9,0,0.0,18.8925,0
182,9.59,usd,9,0,0.0,19.75235294117647,0
182,19.26,usd,10,0,0.0,19.187777777777775,0
182,15.89,usd,10,0,0.0,19.191578947368416,0
182,59.72,usd,11,0,0.0,19.026499999999995,1
182,13.85,usd,11,0,0.0,20.964285714285708,0
182,28.4,usd,11,0,0.0,20.640909090909087,0
182,8.78,usd,12,0,0.0,20.97826086956521,0
182,11.12,usd,12,0,0.0,20.47,0
182,6.56,usd,12,0,0.0,20.096,0
182,23.08,usd,13,0,0.0,19.575384615384614,0
182,21.13,usd,13,0,0.0,19.705185185185183,0
182,15.52,usd,14,0,0.0,19.756071428571428,0
182,12.45,usd,14,0,0.0,19.61,0
183,13.82,ngn,0,0,0.0,,0
183,73.29,ngn,1,0,0.0,13.82,0
183,36.6,ngn,2,0,0.0,43.55500000000001,0
183,30.03,ngn,2,0,0.0,41.23666666666667,0
183,23.33,ngn,3,0,0.0,38.435,0
183,34.38,ngn,3,1,23.33,35.414,0
183,24.15,ngn,3,0,0.0,35.24166666666667,1
183,42.31,ngn,4,0,0.0,33.65714285714286,0
183,41.99,ngn,5,0,0.0,34.73875,0
183,44.37,ngn,6,0,0.0,35.54444444444445,0
183,22.1,ngn,7,0,0.0,36.42700000000001,0
183,41.79,ngn,7,0,0.0,35.12454545454546,0
183,43.31,ngn,8,0,0.0,35.68000000000001,0
183,13.16,ngn,8,1,43.31,36.266923076923085,0
183,46.12,ngn,9,0,0.0,34.61642857142858,0
183,16.24,ngn,9,0,0.0,35.38333333333334,0
183,32.77,ngn,10,0,0.0,34.186875,0
183,10.26,ngn,10,0,0.0,34.103529411764704,0
183,14.48,ngn,11,0,0.0,32.778888888888886,0
183,29.99,ngn,12,0,0.0,31.81578947368421,0
183,19.34,ngn,13,0,0.0,31.7245,0
183,50.29,ngn,13,0,0.0,31.134761904761906,0
183,12.98,ngn,13,0,0.0,32.00545454545455,0
183,16.0,ngn,14,0,0.0,31.178260869565218,0
183,26.64,ngn,14,0,0.0,30.545833333333334,0
183,21.13,ngn,15,0,0.0,30.3896,0
183,21.73,ngn,15,0,0.0,30.033461538461538,0
183,43.21,ngn,16,0,0.0,29.725925925925928,0
183,47.05,ngn,16,0,0.0,30.207500000000003,0
183,58.32,ngn,17,0,0.0,30.788275862068964,0
184,73.95,usd,0,0,0.0,,0
184,26.6,usd,0,0,0.0,73.95,0
184,57.22,usd,0,0,0.0,50.275000000000006,0
184,55.99,usd,1,0,0.0,52.59,0
184,63.92,usd,1,0,0.0,53.440000000000005,0
184,50.79,usd,2,0,0.0,55.536,0
184,101.89,usd,2,0,0.0,54.745000000000005,0
184,77.46,usd,2,0,0.0,61.480000000000004,0
184,50.01,usd,3,0,0.0,63.477500000000006,0
184,89.94,usd,4,0,0.0,61.98111111111112,0
184,38.86,usd,4,0,0.0,64.777,0
184,32.25,usd,5,0,0.0,62.42090909090909,0
184,60.88,usd,5,0,0.0,59.906666666666666,0
184,36.09,usd,5,0,0.0,59.98153846153846,0
184,85.13,usd,6,0,0.0,58.275,0
184,93.47,usd,7,0,0.0,60.065333333333335,0
184,39.73,usd,8,0,0.0,62.153125,1
184,30.8,usd,9,0,0.0,60.834117647058825,0
184,43.35,usd,9,0,0.0,59.16555555555556,0
184,67.04,usd,10,0,0.0,58.333157894736836,0
184,72.72,usd,10,0,0.0,58.768499999999996,0
184,35.21,usd,11,0,0.0,59.43285714285714,0
184,51.26,usd,12,0,0.0,58.33181818181818,0
184,46.06,usd,12,0,0.0,58.02434782608695,0
184,61.91,usd,13,0,0.0,57.52583333333333,0
184,157.91,usd,14,0,0.0,57.7012,0
184,46.13,usd,14,0,0.0,61.55538461538462,0
184,36.19,usd,14,0,0.0,60.98407407407408,0
184,87.05,usd,14,0,0.0,60.09857142857144,0
184,69.47,usd,15,0,0.0,61.02793103448276,1
185,11.35,usd,0,0,0.0,,1
185,7.63,usd,1,0,0.0,11.35,0
185,8.66,usd,1,0,0.0,9.49,0
185,10.9,usd,1,0,0.0,9.213333333333333,0
185,5.08,usd,2,0,0.0,9.635,0
185,9.48,usd,2,0,0.0,8.724,0
185,9.5,usd,3,0,0.0,8.85,0
185,5.6,usd,3,0,0.0,8.942857142857141,0
185,10.34,usd,3,0,0.0,8.525,0
185,2.85,usd,4,0,0.0,8.726666666666667,0
185,4.84,usd,4,0,0.0,8.139,1
185,6.01,usd,5,0,0.0,7.83909090909091,0
185,6.02,usd,5,0,0.0,7.686666666666667,0
185,5.97,usd,6,0,0.0,7.558461538461539,0
185,9.28,usd,6,0,0.0,7.445,0
185,4.86,usd,7,0,0.0,7.567333333333334,0
185,3.01,usd,7,0,0.0,7.398125,0
185,12.53,usd,7,0,0.0,7.140000000000001,0
185,17.32,usd,8,0,0.0,7.439444444444444,0
185,14.73,usd,9,0,0.0,7.959473684210526,0
185,11.06,usd,9,0,0.0,8.297999999999998,0
185,5.45,usd,9,0,0.0,8.42952380952381,0
185,17.92,usd,10,0,0.0,8.294090909090908,0
185,17.24,usd,10,0,0.0,8.712608695652174,0
185,3.85,usd,10,0,0.0,9.067916666666667,0
185,8.55,usd,11,0,0.0,8.8592,0
185,3.83,usd,12,0,0.0,8.847307692307693,0
185,10.9,usd,12,0,0.0,8.661481481481482,0
185,7.36,usd,12,0,0.0,8.741428571428573,0
185,6.82,usd,13,0,0.0,8.693793103448277,0
186,32.85,usd,0,0,0.0,,0
186,66.48,usd,1,0,0.0,32.85,0
186,27.84,usd,1,0,0.0,49.665000000000006,0
186,37.43,usd,2,0,0.0,42.39000000000001,0
186,17.12,usd,2,0,0.0,41.150000000000006,0
186,43.22,usd,3,0,0.0,36.34400000000001,0
186,34.99,usd,3,0,0.0,37.49,0
186,63.59,usd,4,0,0.0,37.13285714285714,0
186,29.8,usd,4,0,0.0,40.440000000000005,0
186,39.4,usd,5,0,0.0,39.25777777777778,0
186,26.97,usd,5,0,0.0,39.272000000000006,0
186,32.45,usd,6,0,0.0,38.153636363636366,0
186,46.37,usd,6,0,0.0,37.678333333333335,0
186,66.23,usd,7,0,0.0,38.34692307692308,0
186,40.47,usd,7,0,0.0,40.33857142857143,0
186,41.34,usd,7,0,0.0,40.34733333333334,0
186,43.15,usd,7,0,0.0,40.409375000000004,0
186,46.75,usd,8,0,0.0,40.57058823529412,0
186,34.43,usd,8,0,0.0,40.91388888888889,0
186,10.82,usd,9,0,0.0,40.572631578947366,0
186,18.77,usd,9,0,0.0,39.085,0
186,29.56,usd,10,0,0.0,38.11761904761905,0
186,44.65,usd,11,0,0.0,37.72863636363636,0
186,24.29,usd,11,0,0.0,38.0295652173913,0
186,52.01,usd,12,0,0.0,37.45708333333334,0
186,21.58,usd,13,0,0.0,38.0392,0
186,40.04,usd,14,0,0.0,37.40615384615385,0
186,42.54,usd,14,0,0.0,37.50370370370371,0
186,29.73,usd,14,0,0.0,37.68357142857143,0
186,77.82,usd,15,0,0.0,37.40931034482759,0
187,39.07,usd,0,0,0.0,,0
187,14.73,usd,1,0,0.0,39.07,0
187,10.84,usd,1,0,0.0,26.9,0
187,23.2,usd,1,0,0.0,21.546666666666667,0
187,113.14,usd,2,0,0.0,21.96,0
187,29.78,usd,3,0,0.0,40.196000000000005,0
187,28.37,usd,4,0,0.0,38.46,1
187,27.27,usd,4,0,0.0,37.01857142857143,0
187,12.71,usd,5,0,0.0,35.8,0
187,18.85,usd,5,0,0.0,33.23444444444444,0
187,44.09,usd,6,0,0.0,31.796,0
187,28.05,usd,7,0,0.0,32.91363636363636,0
187,13.27,usd,7,0,0.0,32.50833333333333,0
187,41.53,usd,8,0,0.0,31.028461538461535,0
187,19.35,usd,8,0,0.0,31.77857142857143,0
187,17.18,usd,8,0,0.0,30.95,0
187,17.38,usd,8,0,0.0,30.089375,0
187,14.97,usd,9,0,0.0,29.341764705882355,0
187,14.03,usd,9,0,0.0,28.543333333333333,0
187,27.46,usd,10,0,0.0,27.779473684210522,0
187,34.79,usd,11,0,0.0,27.7635,0
187,19.27,usd,11,0,0.0,28.098095238095237,0
187,26.57,usd,11,0,0.0,27.696818181818177,0
187,30.86,usd,12,0,0.0,27.64782608695652,0
187,59.45,usd,12,0,0.0,27.781666666666666,0
187,13.38,usd,13,0,0.0,29.0484,0
187,27.55,usd,13,0,0.0,28.445769230769233,0
187,29.85,usd,14,0,0.0,28.412592592592592,0
187,6.01,usd,14,0,0.0,28.46392857142857,0
187,16.72,usd,15,0,0.0,27.689655172413794,0
188,133.65,usd,0,0,0.0,,0
188,86.31,usd,0,0,0.0,133.65,1
188,99.86,usd,1,0,0.0,109.98,0
188,82.5,usd,1,0,0.0,106.60666666666667,0
188,190.37,usd,2,0,0.0,100.58,0
188,34.55,usd,2,0,0.0,118.53800000000001,0
188,89.78,usd,3,0,0.0,104.54,0
188,183.6,usd,3,0,0.0,102.43142857142857,0
188,161.86,usd,4,0,0.0,112.57750000000001,0
188,97.79,usd,4,0,0.0,118.05333333333334,0
188,80.15,usd,5,0,0.0,116.027,0
188,165.19,usd,6,0,0.0,112.76545454545455,0
188,127.94,usd,6,0,0.0,117.13416666666667,0
188,135.84,usd,6,0,0.0,117.96538461538464,0
188,147.63,usd,6,0,0.0,119.24214285714287,0
188,292.45,usd,6,0,0.0,121.13466666666666,0
188,117.92,usd,6,0,0.0,131.841875,0
188,192.78,usd,7,0,0.0,131.02294117647057,0
188,230.27,usd,8,0,0.0,134.45388888888888,0
188,80.9,usd,8,0,0.0,139.49684210526317,0
188,125.32,usd,9,0,0.0,136.567,0
188,143.06,usd,10,0,0.0,136.0314285714286,0
188,138.41,usd,11,0,0.0,136.3509090909091,0
188,193.21,usd,11,0,0.0,136.4404347826087,0
188,66.25,usd,12,0,0.0,138.8058333333333,0
188,86.87,usd,12,0,0.0,135.90359999999998,0
188,89.8,usd,13,0,0.0,134.0176923076923,0
188,59.91,usd,14,0,0.0,132.38,0
188,71.1,usd,14,0,0.0,129.7917857142857,0
188,84.11,usd,15,0,0.0,127.76793103448274,0
189,69.64,ngn,0,0,0.0,,0
189,75.72,ngn,0,0,0.0,69.64,0
189,21.36,ngn,0,0,0.0,72.68,1
189,32.29,ngn,0,0,0.0,55.573333333333345,0
189,26.88,ngn,1,0,0.0,49.752500000000005,0
189,46.25,ngn,1,0,0.0,45.178000000000004,0
189,41.13,ngn,1,0,0.0,45.35666666666666,0
189,29.52,ngn,2,0,0.0,44.75285714285714,0
189,112.46,ngn,3,0,0.0,42.84875,1
189,46.23,ngn,4,0,0.0,50.583333333333336,0
189,23.16,ngn,5,0,0.0,50.148,0
189,27.86,ngn,5,0,0.0,47.694545454545455,0
189,29.92,ngn,5,0,0.0,46.041666666666664,0
189,35.08,ngn,6,0,0.0,44.801538461538456,0
189,28.42,ngn,7,0,0.0,44.107142857142854,0
189,65.61,ngn,7,0,0.0,43.06133333333333,0
189,22.26,ngn,7,0,0.0,44.470625,0
189,43.74,ngn,7,0,0.0,43.16411764705882,0
189,31.68,ngn,8,0,0.0,43.19611111111111,0
189,19.57,ngn,8,0,0.0,42.589999999999996,0
189,25.78,ngn,9,0,0.0,41.439,0
189,41.06,ngn,10,0,0.0,40.69333333333333,0
189,13.07,ngn,10,0,0.0,40.709999999999994,0
189,26.23,ngn,11,0,0.0,39.50826086956521,0
189,21.25,ngn,11,0,0.0,38.955,0
189,14.45,ngn,12,0,0.0,38.2468,0
189,14.73,ngn,12,0,0.0,37.331538461538464,0
189,85.24,ngn,13,0,0.0,36.49444444444445,0
189,18.68,ngn,14,0,0.0,38.23535714285714,0
189,20.08,ngn,14,0,0.0,37.56103448275862,0
190,35.69,usd,0,0,0.0,,0
190,39.88,usd,0,0,0.0,35.69,0
190,44.72,usd,1,0,0.0,37.785,0
190,42.3,usd,1,0,0.0,40.096666666666664,0
190,16.91,usd,2,0,0.0,40.647499999999994,0
190,40.36,usd,3,0,0.0,35.89999999999999,0
190,21.85,usd,3,0,0.0,36.643333333333324,0
190,58.0,usd,4,0,0.0,34.529999999999994,0
190,34.14,usd,4,0,0.0,37.46375,0
190,27.13,usd,4,0,0.0,37.09444444444444,0
190,46.7,usd,5,0,0.0,36.098,0
190,29.27,usd,6,0,0.0,37.061818181818175,0
190,35.09,usd,7,0,0.0,36.412499999999994,0
190,36.1,usd,7,0,0.0,36.310769230769225,0
190,44.04,usd,8,0,0.0,36.29571428571428,0
190,61.66,usd,8,0,0.0,36.812,0
190,49.76,usd,9,0,0.0,38.365,0
190,98.17,usd,10,0,0.0,39.03529411764706,0
190,20.35,usd,10,0,0.0,42.32055555555556,0
190,37.81,usd,11,0,0.0,41.16421052631579,0
190,47.11,usd,12,0,0.0,40.996500000000005,0
190,79.71,usd,12,1,47.11,41.28761904761905,0
190,61.06,usd,12,0,0.0,43.034090909090914,0
190,66.2,usd,12,0,0.0,43.81782608695653,0
190,28.79,usd,13,0,0.0,44.750416666666666,0
190,16.96,usd,13,0,0.0,44.111999999999995,0
190,80.03,usd,13,0,0.0,43.067692307692305,0
190,17.71,usd,13,0,0.0,44.43666666666667,0
190,45.06,usd,14,0,0.0,43.482142857142854,0
190,33.7,usd,14,0,0.0,43.53655172413793,1
191,26.04,gbp,0,0,0.0,,0
191,60.19,gbp,1,0,0.0,26.04,0
191,49.83,gbp,1,0,0.0,43.114999999999995,0
191,25.44,gbp,2,0,0.0,45.35333333333333,0
191,28.38,gbp,2,0,0.0,40.375,1
191,13.14,gbp,2,0,0.0,37.976,0
191,44.71,gbp,3,0,0.0,33.836666666666666,0
191,65.85,gbp,3,0,0.0,35.39,1
191,52.53,gbp,4,0,0.0,39.1975,0
191,34.59,gbp,5,0,0.0,40.67888888888889,0
191,14.16,gbp,5,0,0.0,40.07000000000001,0
191,17.97,gbp,5,0,0.0,37.71454545454546,0
191,22.34,gbp,5,0,0.0,36.06916666666667,0
191,36.78,gbp,6,0,0.0,35.01307692307692,0
191,36.34,gbp,7,0,0.0,35.13928571428572,0
191,32.18,gbp,7,0,0.0,35.21933333333334,0
191,58.84,gbp,8,0,0.0,35.029375,0
191,11.4,gbp,9,0,0.0,36.43000000000001,0
191,23.54,gbp,10,0,0.0,35.03944444444445,0
191,85.88,gbp,10,0,0.0,34.43421052631579,0
191,48.5,gbp,10,0,0.0,37.0065,0
191,19.82,gbp,11,0,0.0,37.55380952380953,0
191,24.77,gbp,12,0,0.0,36.747727272727275,0
191,20.52,gbp,12,0,0.0,36.22695652173913,0
191,30.17,gbp,12,0,0.0,35.5725,0
191,45.79,gbp,13,0,0.0,35.3564,0
191,17.67,gbp,13,0,0.0,35.7576923076923,0
191,52.91,gbp,14,0,0.0,35.087777777777774,0
191,80.52,gbp,15,0,0.0,35.724285714285706,0
191,29.77,gbp,15,0,0.0,37.26896551724138,0
192,1.69,gbp,0,0,0.0,,0
192,3.63,gbp,1,0,0.0,1.69,0
192,4.58,gbp,2,0,0.0,2.66,0
192,5.4,gbp,2,0,0.0,3.3000000000000003,0
192,5.11,gbp,2,0,0.0,3.825,1
192,6.47,gbp,3,0,0.0,4.082,0
192,6.03,gbp,4,0,0.0,4.4799999999999995,0
192,11.93,gbp,4,0,0.0,4.701428571428571,0
192,6.16,gbp,5,0,0.0,5.605,0
192,5.36,gbp,5,0,0.0,5.666666666666667,0
192,2.75,gbp,6,0,0.0,5.636,0
192,1.13,gbp,7,0,0.0,5.373636363636364,0
192,8.39,gbp,7,0,0.0,5.0200000000000005,0
192,2.9,gbp,8,0,0.0,5.279230769230769,0
192,3.45,gbp,8,0,0.0,5.109285714285714,0
192,2.24,gbp,9,0,0.0,4.998666666666667,0
192,3.8,gbp,9,0,0.0,4.82625,0
192,2.61,gbp,9,0,0.0,4.765882352941176,0
192,4.66,gbp,10,0,0.0,4.646111111111111,0
192,6.86,gbp,10,0,0.0,4.646842105263158,0
192,5.09,gbp,11,0,0.0,4.757499999999999,0
192,6.5,gbp,12,0,0.0,4.773333333333333,0
192,5.34,gbp,12,0,0.0,4.851818181818182,0
192,2.56,gbp,13,0,0.0,4.873043478260869,0
192,2.57,gbp,13,0,0.0,4.776666666666667,0
192,6.48,gbp,14,0,0.0,4.688400000000001,0
192,4.21,gbp,15,0,0.0,4.757307692307693,0
192,5.55,gbp,15,0,0.0,4.737037037037037,0
192,4.48,gbp,16,0,0.0,4.766071428571429,0
192,6.53,gbp,17,0,0.0,4.756206896551724,0
193,33.22,eur,0,0,0.0,,1
193,16.49,eur,1,0,0.0,33.22,0
193,14.36,eur,1,0,0.0,24.854999999999997,0
193,15.34,eur,1,0,0.0,21.356666666666666,0
193,10.08,eur,1,0,0.0,19.8525,0
193,29.19,eur,2,0,0.0,17.898,0
193,13.77,eur,2,0,0.0,19.779999999999998,0
193,8.56,eur,2,0,0.0,18.92142857142857,0
193,20.4,eur,2,0,0.0,17.62625,0
193,14.44,eur,2,0,0.0,17.934444444444445,0
193,16.76,eur,3,0,0.0,17.585,1
193,75.91,eur,4,0,0.0,17.509999999999998,0
193,21.46,eur,4,0,0.0,22.376666666666665,0
193,28.45,eur,5,0,0.0,22.306153846153844,0
193,17.72,eur,5,0,0.0,22.744999999999997,0
193,11.97,eur,6,0,0.0,22.41,0
193,24.49,eur,7,0,0.0,21.7575,0
193,20.24,eur,7,0,0.0,21.918235294117647,0
193,18.58,eur,8,0,0.0,21.825000000000003,0
193,16.68,eur,8,0,0.0,21.65421052631579,0
193,50.7,eur,9,0,0.0,21.4055,0
193,10.79,eur,9,0,0.0,22.80047619047619,0
193,15.91,eur,9,0,0.0,22.254545454545454,0
193,11.44,eur,10,0,0.0,21.978695652173915,0
193,13.17,eur,11,0,0.0,21.539583333333336,0
193,11.32,eur,11,0,0.0,21.2048,1
193,27.47,eur,12,0,0.0,20.824615384615388,0
193,34.07,eur,12,0,0.0,21.070740740740742,0
193,22.78,eur,13,0,0.0,21.535000000000004,0
193,25.21,eur,14,0,0.0,21.577931034482763,0
194,4.83,usd,0,0,0.0,,0
194,4.28,usd,0,0,0.0,4.83,0
194,6.84,usd,1,0,0.0,4.555,0
194,7.43,usd,1,0,0.0,5.316666666666666,0
194,14.29,usd,2,0,0.0,5.845,0
194,4.54,usd,2,0,0.0,7.534000000000001,0
194,13.3,usd,3,0,0.0,7.035,0
194,10.8,usd,3,0,0.0,7.930000000000001,0
194,7.81,usd,4,0,0.0,8.28875,0
194,5.24,usd,5,0,0.0,8.235555555555557,0
194,7.29,usd,5,0,0.0,7.936,0
194,14.42,usd,6,0,0.0,7.877272727272728,0
194,3.63,usd,7,0,0.0,8.422500000000001,0
194,16.19,usd,7,0,0.0,8.053846153846154,0
194,8.93,usd,7,0,0.0,8.635,0
194,15.2,usd,8,0,0.0,8.654666666666666,0
194,4.45,usd,8,0,0.0,9.063749999999999,0
194,15.55,usd,8,0,0.0,8.79235294117647,0
194,8.73,usd,8,0,0.0,9.167777777777777,0
194,2.65,usd,9,0,0.0,9.144736842105262,0
194,12.97,usd,9,0,0.0,8.819999999999999,0
194,3.9,usd,9,0,0.0,9.017619047619046,0
194,21.2,usd,10,0,0.0,8.784999999999998,0
194,5.19,usd,10,0,0.0,9.324782608695651,0
194,6.2,usd,11,0,0.0,9.152499999999998,0
194,4.17,usd,11,0,0.0,9.034399999999998,0
194,6.55,usd,12,0,0.0,8.847307692307691,0
194,7.71,usd,13,0,0.0,8.76222222222222,0
194,9.07,usd,13,0,0.0,8.724642857142856,0
194,13.5,usd,14,0,0.0,8.736551724137929,0
195,50.6,eur,0,0,0.0,,0
195,19.8,eur,1,0,0.0,50.6,0
195,20.94,eur,1,0,0.0,35.2,0
195,42.77,eur,2,0,0.0,30.44666666666667,0
195,36.12,eur,3,0,0.0,33.5275,0
195,26.95,eur,3,0,0.0,34.04600000000001,0
195,24.31,eur,4,0,0.0,32.86333333333334,0
195,11.08,eur,5,0,0.0,31.641428571428573,0
195,39.92,eur,6,0,0.0,29.07125,0
195,15.8,eur,6,0,0.0,30.276666666666667,0
195,19.08,eur,7,0,0.0,28.829,0
195,21.08,eur,7,0,0.0,27.94272727272727,0
195,20.78,eur,7,0,0.0,27.370833333333334,0
195,56.08,eur,8,0,0.0,26.863846153846154,0
195,13.73,eur,8,0,0.0,28.950714285714287,0
195,40.95,eur,9,0,0.0,27.936,0
195,26.38,eur,10,0,0.0,28.749375,0
195,25.04,eur,11,0,0.0,28.61,0
195,21.1,eur,12,0,0.0,28.41166666666667,0
195,42.12,eur,12,0,0.0,28.026842105263157,0
195,59.38,eur,13,0,0.0,28.7315,0
195,82.45,eur,13,0,0.0,30.190952380952382,0
195,27.59,eur,13,0,0.0,32.56636363636364,0
195,27.44,eur,14,0,0.0,32.35,0
195,75.92,eur,14,0,0.0,32.14541666666667,0
195,63.97,eur,15,0,0.0,33.8964,0
195,21.26,eur,15,0,0.0,35.05307692307692,0
195,13.65,eur,16,0,0.0,34.54222222222222,0
195,38.37,eur,16,0,0.0,33.79607142857143,0
195,46.25,eur,17,0,0.0,33.95379310344828,0
196,3.88,gbp,0,0,0.0,,0
196,14.77,gbp,0,0,0.0,3.88,0
196,3.05,gbp,0,0,0.0,9.325,0
196,3.22,gbp,0,1,3.05,7.233333333333333,1
196,30.02,gbp,1,0,0.0,6.2299999999999995,1
196,38.34,gbp,1,0,0.0,10.988,1
196,7.62,gbp,2,0,0.0,15.546666666666667,0
196,11.61,gbp,2,0,0.0,14.414285714285715,0
196,22.73,gbp,2,1,11.61,14.06375,1
196,10.18,gbp,3,0,0.0,15.026666666666667,1
196,3.12,gbp,3,1,10.18,14.542000000000002,1
196,12.45,gbp,3,2,13.3,13.503636363636366,1
196,4.43,gbp,3,3,25.75,13.415833333333333,1
196,4.98,gbp,3,0,0.0,12.724615384615387,0
196,46.38,gbp,4,0,0.0,12.171428571428573,1
196,3.09,gbp,4,1,46.38,14.452,0
196,3.1,gbp,4,2,49.47,13.741875000000002,1
196,25.0,gbp,4,3,52.57,13.115882352941178,1
196,2.27,gbp,4,4,77.57000000000001,13.776111111111113,0
196,3.67,gbp,4,0,0.0,13.170526315789475,1
196,1.99,gbp,5,0,0.0,12.695500000000001,0
196,1.88,gbp,6,0,0.0,12.185714285714287,0
196,6.03,gbp,6,0,0.0,11.717272727272729,0
196,5.26,gbp,6,1,6.03,11.47,1
196,2.77,gbp,6,2,11.29,11.211250000000001,0
196,16.12,gbp,6,0,0.0,10.873600000000001,0
196,4.0,gbp,7,0,0.0,11.075384615384618,0
196,3.07,gbp,8,0,0.0,10.813333333333334,0
196,49.51,gbp,9,0,0.0,10.536785714285715,1
196,3.77,gbp,9,0,0.0,11.880689655172414,0
197,31.69,xof,0,0,0.0,,0
197,38.76,xof,0,0,0.0,31.69,0
197,41.98,xof,1,0,0.0,35.225,0
197,35.66,xof,1,0,0.0,37.47666666666667,0
197,37.31,xof,2,0,0.0,37.0225,0
197,13.58,xof,3,0,0.0,37.08,0
197,49.21,xof,3,0,0.0,33.163333333333334,0
197,59.36,xof,4,0,0.0,35.455714285714286,0
197,37.72,xof,4,0,0.0,38.443749999999994,0
197,12.07,xof,4,0,0.0,38.36333333333333,0
197,45.94,xof,5,0,0.0,35.733999999999995,0
197,63.43,xof,6,0,0.0,36.66181818181818,0
197,31.39,xof,7,0,0.0,38.8925,0
197,85.99,xof,8,0,0.0,38.315384615384616,0
197,35.62,xof,8,0,0.0,41.72071428571428,0
197,25.71,xof,9,0,0.0,41.31399999999999,0
197,21.45,xof,9,0,0.0,40.33875,1
197,20.52,xof,9,0,0.0,39.22764705882353,0
197,21.22,xof,10,0,0.0,38.18833333333333,0
197,48.29,xof,10,0,0.0,37.29526315789474,0
197,43.64,xof,11,0,0.0,37.845,0
197,22.61,xof,11,0,0.0,38.12095238095238,0
197,27.34,xof,11,0,0.0,37.41590909090909,0
197,58.93,xof,12,0,0.0,36.97782608695652,0
197,50.14,xof,12,0,0.0,37.8925,0
197,45.65,xof,13,0,0.0,38.3824,0
197,66.9,xof,14,0,0.0,38.661923076923074,0
197,21.19,xof,14,0,0.0,39.70777777777777,0
197,71.93,xof,15,0,0.0,39.04642857142857,0
197,143.67,xof,15,0,0.0,40.18034482758621,0
198,5.67,gbp,0,0,0.0,,0
198,6.66,gbp,1,0,0.0,5.67,0
198,13.49,gbp,2,0,0.0,6.165,0
198,10.51,gbp,2,0,0.0,8.606666666666667,0
198,7.8,gbp,3,0,0.0,9.0825,0
198,9.3,gbp,3,0,0.0,8.825999999999999,0
198,13.58,gbp,3,0,0.0,8.905,0
198,10.8,gbp,4,0,0.0,9.572857142857142,0
198,16.81,gbp,5,0,0.0,9.72625,0
198,5.52,gbp,5,0,0.0,10.513333333333334,0
198,4.65,gbp,6,0,0.0,10.014,0
198,10.94,gbp,6,1,4.65,9.526363636363637,0
198,5.88,gbp,6,0,0.0,9.644166666666667,0
198,12.21,gbp,6,0,0.0,9.354615384615384,0
198,6.5,gbp,7,0,0.0,9.558571428571428,0
198,8.28,gbp,8,0,0.0,9.354666666666667,0
198,5.85,gbp,9,0,0.0,9.2875,0
198,4.81,gbp,9,0,0.0,9.085294117647058,0
198,6.61,gbp,10,0,0.0,8.847777777777777,0
198,15.61,gbp,10,0,0.0,8.73,0
198,11.39,gbp,10,0,0.0,9.074000000000002,0
198,7.8,gbp,11,0,0.0,9.184285714285714,0
198,19.66,gbp,11,0,0.0,9.121363636363638,0
198,15.33,gbp,12,0,0.0,9.579565217391306,0
198,8.4,gbp,12,0,0.0,9.819166666666666,0
198,10.97,gbp,13,0,0.0,9.7624,0
198,8.6,gbp,13,0,0.0,9.808846153846154,0
198,14.32,gbp,14,0,0.0,9.764074074074074,0
198,6.25,gbp,14,0,0.0,9.926785714285714,0
198,7.02,gbp,15,0,0.0,9.799999999999999,0
199,16.91,ngn,0,0,0.0,,0
199,10.69,ngn,0,0,0.0,16.91,0
199,17.07,ngn,0,0,0.0,13.8,0
199,5.61,ngn,0,0,0.0,14.89,0
199,18.97,ngn,1,0,0.0,12.57,0
199,35.37,ngn,1,0,0.0,13.85,0
199,16.06,ngn,1,0,0.0,17.436666666666667,0
199,19.7,ngn,1,0,0.0,17.240000000000002,0
199,10.53,ngn,2,0,0.0,17.5475,0
199,20.29,ngn,3,0,0.0,16.767777777777777,1
199,25.3,ngn,4,0,0.0,17.119999999999997,0
199,13.69,ngn,4,0,0.0,17.863636363636363,0
199,24.22,ngn,5,0,0.0,17.515833333333333,0
199,13.1,ngn,5,0,0.0,18.03153846153846,0
199,24.66,ngn,5,0,0.0,17.679285714285715,0
199,4.74,ngn,6,0,0.0,18.14466666666667,0
199,12.2,ngn,6,0,0.0,17.306874999999998,0
199,14.44,ngn,7,0,0.0,17.006470588235292,0
199,17.58,ngn,8,0,0.0,16.863888888888887,0
199,8.68,ngn,8,0,0.0,16.901578947368417,0
199,24.55,ngn,9,0,0.0,16.490499999999997,0
199,7.81,ngn,9,0,0.0,16.874285714285712,0
199,1.88,ngn,10,0,0.0,16.462272727272726,0
199,9.22,ngn,11,0,0.0,15.828260869565215,0
199,14.23,ngn,11,1,9.22,15.552916666666667,0
199,12.34,ngn,11,0,0.0,15.5,0
199,10.78,ngn,12,0,0.0,15.378461538461538,0
199,16.15,ngn,12,0,0.0,15.208148148148146,0
199,14.57,ngn,12,0,0.0,15.241785714285712,0
199,17.62,ngn,13,0,0.0,15.21862068965517,0
